cod_fonte_manual;nome_documento_origem;data_publicacao_manual;link_manual;idioma_origem;tipo_orientacao;subsistema;acao_tecnica;detalhamento_orientacao;metrica_gatilho;valor_gatilho;unidade_medida;fator_condicional;texto_bruto_original;pagina_origem;criticidade;sinal_seguranca;sensor_iot
JD-CH950-OMCXT31163-B3;John Deere CH950/CH960 Manual do Operador (OMCXT31163 Ed. B3);;;pt;MANUTENCAO_PROGRAMADA;TREM_ACIONAMENTO;TROCAR;Trocar o Óleo da Caixa de Engrenagens de Acionamento da Bomba — a cada 100 horas (amaciamento, execução única).;HORIMETRO;100.0;h;AMACIAMENTO_UNICA_VEZ;[95-A-2] Trocar o Óleo da Caixa de Engrenagens de Acionamento da Bomba;240;MEDIA;;
JD-CH950-OMCXT31163-B3;John Deere CH950/CH960 Manual do Operador (OMCXT31163 Ed. B3);;;pt;MANUTENCAO_PROGRAMADA;TREM_ACIONAMENTO;TROCAR;Trocar o Óleo da Caixa de Engrenagens do Picador — a cada 100 horas (amaciamento, execução única).;HORIMETRO;100.0;h;AMACIAMENTO_UNICA_VEZ;[95-A-2] Trocar o Óleo da Caixa de Engrenagens do Picador;240;MEDIA;;
JD-CH950-OMCXT31163-B3;John Deere CH950/CH960 Manual do Operador (OMCXT31163 Ed. B3);;;pt;MANUTENCAO_PROGRAMADA;TREM_ACIONAMENTO;TROCAR;Trocar o Óleo da Redução Final — a cada 100 horas (amaciamento, execução única).;HORIMETRO;100.0;h;AMACIAMENTO_UNICA_VEZ;[95-A-3] Trocar o Óleo da Redução Final;241;MEDIA;;
JD-CH950-OMCXT31163-B3;John Deere CH950/CH960 Manual do Operador (OMCXT31163 Ed. B3);;;pt;MANUTENCAO_PROGRAMADA;CORTE_PROCESSAMENTO;TROCAR;Trocar o Óleo da Caixa de Engrenagens do Cortador de Base — a cada 100 horas (amaciamento, execução única).;HORIMETRO;100.0;h;AMACIAMENTO_UNICA_VEZ;[95-A-4] Trocar o Óleo da Caixa de Engrenagens do Cortador de Base;242;MEDIA;;
JD-CH950-OMCXT31163-B3;John Deere CH950/CH960 Manual do Operador (OMCXT31163 Ed. B3);;;pt;MANUTENCAO_PROGRAMADA;RODANTE_PNEUS;VERIFICAR;Verifique o Torque de Montagem do Eixo — a cada 100 horas (amaciamento, execução única).;HORIMETRO;100.0;h;AMACIAMENTO_UNICA_VEZ;[95-A-5] Verifique o Torque de Montagem do Eixo;243;MEDIA;;
JD-CH950-OMCXT31163-B3;John Deere CH950/CH960 Manual do Operador (OMCXT31163 Ed. B3);;;pt;MANUTENCAO_PROGRAMADA;RODANTE_PNEUS;VERIFICAR;Verificar o Torque dos Parafusos da Corrente da Esteira — a cada 100 horas (amaciamento, execução única).;HORIMETRO;100.0;h;AMACIAMENTO_UNICA_VEZ;[95-A-5] Verificar o Torque dos Parafusos da Corrente da Esteira;243;MEDIA;;
JD-CH950-OMCXT31163-B3;John Deere CH950/CH960 Manual do Operador (OMCXT31163 Ed. B3);;;pt;MANUTENCAO_PROGRAMADA;MOTOR;TROCAR;Troca de Óleo do Motor e Substituição do Filtro — a cada 100 horas (amaciamento, execução única).;HORIMETRO;100.0;h;AMACIAMENTO_UNICA_VEZ;[95-A-6] Troca de Óleo do Motor e Substituição do Filtro;244;MEDIA;;
JD-CH950-OMCXT31163-B3;John Deere CH950/CH960 Manual do Operador (OMCXT31163 Ed. B3);;;pt;MANUTENCAO_PROGRAMADA;CHASSI;LIMPAR;Limpe a Máquina — a cada 25 horas (ou diario, o que ocorrer primeiro).;HORIMETRO;25.0;h;OU_CALENDARIO:DIARIO;[95-B-2] Limpe a Máquina;247;MEDIA;;
JD-CH950-OMCXT31163-B3;John Deere CH950/CH960 Manual do Operador (OMCXT31163 Ed. B3);;;pt;MANUTENCAO_PROGRAMADA;CORTE_PROCESSAMENTO;INSPECIONAR;Inspeção das Lâminas — a cada 25 horas (ou diario, o que ocorrer primeiro).;HORIMETRO;25.0;h;OU_CALENDARIO:DIARIO;[95-B-2] Inspeção das Lâminas;247;MEDIA;;
JD-CH950-OMCXT31163-B3;John Deere CH950/CH960 Manual do Operador (OMCXT31163 Ed. B3);;;pt;MANUTENCAO_PROGRAMADA;MOTOR;LIMPAR;Limpeza das Telas do Pré-filtro de Ar do Motor — a cada 25 horas (ou diario, o que ocorrer primeiro).;HORIMETRO;25.0;h;OU_CALENDARIO:DIARIO;[95-B-3] Limpeza das Telas do Pré-filtro de Ar do Motor;248;MEDIA;;
JD-CH950-OMCXT31163-B3;John Deere CH950/CH960 Manual do Operador (OMCXT31163 Ed. B3);;;pt;MANUTENCAO_PROGRAMADA;CORTE_PROCESSAMENTO;LUBRIFICAR;Lubrificação do Rolo Tombador Superior — a cada 25 horas (ou diario, o que ocorrer primeiro).;HORIMETRO;25.0;h;OU_CALENDARIO:DIARIO;[95-B-3] Lubrificação do Rolo Tombador Superior;248;MEDIA;;
JD-CH950-OMCXT31163-B3;John Deere CH950/CH960 Manual do Operador (OMCXT31163 Ed. B3);;;pt;MANUTENCAO_PROGRAMADA;CORTE_PROCESSAMENTO;LUBRIFICAR;Lubrificação do Rolo Pré-tombador Inferior — a cada 25 horas (ou diario, o que ocorrer primeiro).;HORIMETRO;25.0;h;OU_CALENDARIO:DIARIO;[95-B-3] Lubrificação do Rolo Pré-tombador Inferior;248;MEDIA;;
JD-CH950-OMCXT31163-B3;John Deere CH950/CH960 Manual do Operador (OMCXT31163 Ed. B3);;;pt;MANUTENCAO_PROGRAMADA;HIDRAULICO;LUBRIFICAR;Lubrificar os Divisores de Linha de Inclinação Hidráulica Externa e das Lâminas Laterais — a cada 25 horas (ou diario, o que ocorrer primeiro).;HORIMETRO;25.0;h;OU_CALENDARIO:DIARIO;[95-B-3] Lubrificar os Divisores de Linha de Inclinação Hidráulica Externa e das Lâminas Laterais;248;MEDIA;;
JD-CH950-OMCXT31163-B3;John Deere CH950/CH960 Manual do Operador (OMCXT31163 Ed. B3);;;pt;MANUTENCAO_PROGRAMADA;HIDRAULICO;LUBRIFICAR;Lubrificar os Divisores de Linha da Inclinação Hidráulica Central e das Lâminas Centrais — a cada 25 horas (ou diario, o que ocorrer primeiro).;HORIMETRO;25.0;h;OU_CALENDARIO:DIARIO;[95-B-5] Lubrificar os Divisores de Linha da Inclinação Hidráulica Central e das Lâminas Centrais;250;MEDIA;;
JD-CH950-OMCXT31163-B3;John Deere CH950/CH960 Manual do Operador (OMCXT31163 Ed. B3);;;pt;MANUTENCAO_PROGRAMADA;CHASSI;LUBRIFICAR;Lubrificação da suspensão da do cortador — a cada 25 horas (ou diario, o que ocorrer primeiro).;HORIMETRO;25.0;h;OU_CALENDARIO:DIARIO;[95-B-6] Lubrificação da suspensão da do cortador;251;MEDIA;;
JD-CH950-OMCXT31163-B3;John Deere CH950/CH960 Manual do Operador (OMCXT31163 Ed. B3);;;pt;MANUTENCAO_PROGRAMADA;CORTE_PROCESSAMENTO;LUBRIFICAR;Lubrificar o Extrator Primário — a cada 25 horas (ou diario, o que ocorrer primeiro).;HORIMETRO;25.0;h;OU_CALENDARIO:DIARIO;[95-B-7] Lubrificar o Extrator Primário;252;MEDIA;;
JD-CH950-OMCXT31163-B3;John Deere CH950/CH960 Manual do Operador (OMCXT31163 Ed. B3);;;pt;MANUTENCAO_PROGRAMADA;CORTE_PROCESSAMENTO;LUBRIFICAR;Lubrificar o Extrator Secundário — a cada 25 horas (ou diario, o que ocorrer primeiro).;HORIMETRO;25.0;h;OU_CALENDARIO:DIARIO;[95-B-7] Lubrificar o Extrator Secundário;252;MEDIA;;
JD-CH950-OMCXT31163-B3;John Deere CH950/CH960 Manual do Operador (OMCXT31163 Ed. B3);;;pt;MANUTENCAO_PROGRAMADA;CORTE_PROCESSAMENTO;LUBRIFICAR;Lubrificar a Mesa Giratória do Elevador — a cada 25 horas (ou diario, o que ocorrer primeiro).;HORIMETRO;25.0;h;OU_CALENDARIO:DIARIO;[95-B-8] Lubrificar a Mesa Giratória do Elevador;253;MEDIA;;
JD-CH950-OMCXT31163-B3;John Deere CH950/CH960 Manual do Operador (OMCXT31163 Ed. B3);;;pt;MANUTENCAO_PROGRAMADA;CORTE_PROCESSAMENTO;LUBRIFICAR;Lubrificação dos Pivôs do Rolo de Alimentação — a cada 25 horas (ou diario, o que ocorrer primeiro).;HORIMETRO;25.0;h;OU_CALENDARIO:DIARIO;[95-B-9] Lubrificação dos Pivôs do Rolo de Alimentação;254;MEDIA;;
JD-CH950-OMCXT31163-B3;John Deere CH950/CH960 Manual do Operador (OMCXT31163 Ed. B3);;;pt;MANUTENCAO_PROGRAMADA;TREM_ACIONAMENTO;VERIFICAR;Verificar o Nível de Óleo da Caixa de Engrenagens de Acionamento da Bomba — a cada 25 horas (ou diario, o que ocorrer primeiro).;HORIMETRO;25.0;h;OU_CALENDARIO:DIARIO;[95-B-9] Verificar o Nível de Óleo da Caixa de Engrenagens de Acionamento da Bomba;254;MEDIA;;
JD-CH950-OMCXT31163-B3;John Deere CH950/CH960 Manual do Operador (OMCXT31163 Ed. B3);;;pt;MANUTENCAO_PROGRAMADA;CORTE_PROCESSAMENTO;VERIFICAR;Verificação do Nível de Óleo da Caixa de Engrenagens do Cortador de Base — a cada 25 horas (ou diario, o que ocorrer primeiro).;HORIMETRO;25.0;h;OU_CALENDARIO:DIARIO;[95-B-9] Verificação do Nível de Óleo da Caixa de Engrenagens do Cortador de Base;254;MEDIA;;
JD-CH950-OMCXT31163-B3;John Deere CH950/CH960 Manual do Operador (OMCXT31163 Ed. B3);;;pt;MANUTENCAO_PROGRAMADA;TREM_ACIONAMENTO;VERIFICAR;Verificação do Nível de Óleo da Caixa de Engrenagens do Picador — a cada 25 horas (ou diario, o que ocorrer primeiro).;HORIMETRO;25.0;h;OU_CALENDARIO:DIARIO;[95-B-10] Verificação do Nível de Óleo da Caixa de Engrenagens do Picador;255;MEDIA;;
JD-CH950-OMCXT31163-B3;John Deere CH950/CH960 Manual do Operador (OMCXT31163 Ed. B3);;;pt;MANUTENCAO_PROGRAMADA;MOTOR;VERIFICAR;Verificar o Nível de Óleo do Motor — a cada 25 horas (ou diario, o que ocorrer primeiro).;HORIMETRO;25.0;h;OU_CALENDARIO:DIARIO;[95-B-10] Verificar o Nível de Óleo do Motor;255;MEDIA;;
JD-CH950-OMCXT31163-B3;John Deere CH950/CH960 Manual do Operador (OMCXT31163 Ed. B3);;;pt;MANUTENCAO_PROGRAMADA;RODANTE_PNEUS;VERIFICAR;Verificação da Esteira Quanto a Peças Quebradas — a cada 25 horas (ou diario, o que ocorrer primeiro).;HORIMETRO;25.0;h;OU_CALENDARIO:DIARIO;[95-B-11] Verificação da Esteira Quanto a Peças Quebradas;256;MEDIA;;
JD-CH950-OMCXT31163-B3;John Deere CH950/CH960 Manual do Operador (OMCXT31163 Ed. B3);;;pt;MANUTENCAO_PROGRAMADA;HIDRAULICO;VERIFICAR;Verificação de Vazamentos Hidráulicos — a cada 25 horas (ou diario, o que ocorrer primeiro).;HORIMETRO;25.0;h;OU_CALENDARIO:DIARIO;[95-B-11] Verificação de Vazamentos Hidráulicos;256;MEDIA;;
JD-CH950-OMCXT31163-B3;John Deere CH950/CH960 Manual do Operador (OMCXT31163 Ed. B3);;;pt;MANUTENCAO_PROGRAMADA;CORTE_PROCESSAMENTO;LUBRIFICAR;Lubrificação dos Rolos do Divisor de Linha e dos Rolos Externos — a cada 50 horas.;HORIMETRO;50.0;h;;[95-C-2] Lubrificação dos Rolos do Divisor de Linha e dos Rolos Externos;258;MEDIA;;
JD-CH950-OMCXT31163-B3;John Deere CH950/CH960 Manual do Operador (OMCXT31163 Ed. B3);;;pt;MANUTENCAO_PROGRAMADA;COMBUSTIVEL;DRENAR;Drenar a Água dos Filtros de Combustível (Se Equipado com Motor Tier 3 - Estágio IIIA) — a cada 50 horas.;HORIMETRO;50.0;h;;[95-C-2] Drenar a Água dos Filtros de Combustível (Se Equipado com Motor Tier 3 - Estágio IIIA);258;MEDIA;;
JD-CH950-OMCXT31163-B3;John Deere CH950/CH960 Manual do Operador (OMCXT31163 Ed. B3);;;pt;MANUTENCAO_PROGRAMADA;COMBUSTIVEL;LIMPAR;Limpar o Elemento Filtrante do Pré-Filtro de Combustível (Se Equipado com o Motor Final Tier 4-Estágio IV/V) — a cada 50 horas.;HORIMETRO;50.0;h;;[95-C-2] Limpar o Elemento Filtrante do Pré-Filtro de Combustível (Se Equipado com o Motor Final Tier 4-Estágio IV/V);258;MEDIA;;
JD-CH950-OMCXT31163-B3;John Deere CH950/CH960 Manual do Operador (OMCXT31163 Ed. B3);;;pt;MANUTENCAO_PROGRAMADA;COMBUSTIVEL;DRENAR;Drenar a Água do Filtro Primário de Combustível (Se Equipado com Motor Final Tier 4 - Estágio IV/V) — a cada 50 horas.;HORIMETRO;50.0;h;;[95-C-3] Drenar a Água do Filtro Primário de Combustível (Se Equipado com Motor Final Tier 4 - Estágio IV/V);259;MEDIA;;
JD-CH950-OMCXT31163-B3;John Deere CH950/CH960 Manual do Operador (OMCXT31163 Ed. B3);;;pt;MANUTENCAO_PROGRAMADA;CORTE_PROCESSAMENTO;VERIFICAR;Verificação e Ajuste da Sincronização do Picador — a cada 50 horas.;HORIMETRO;50.0;h;;[95-C-3] Verificação e Ajuste da Sincronização do Picador;259;MEDIA;;
JD-CH950-OMCXT31163-B3;John Deere CH950/CH960 Manual do Operador (OMCXT31163 Ed. B3);;;pt;MANUTENCAO_PROGRAMADA;CORTE_PROCESSAMENTO;APERTAR;Aperto da Porca da Embreagem do Volante do Picador — a cada 50 horas.;HORIMETRO;50.0;h;;[95-C-5] Aperto da Porca da Embreagem do Volante do Picador;261;MEDIA;;
JD-CH950-OMCXT31163-B3;John Deere CH950/CH960 Manual do Operador (OMCXT31163 Ed. B3);;;pt;MANUTENCAO_PROGRAMADA;CORTE_PROCESSAMENTO;VERIFICAR;Verificação e Ajuste da Tensão da Corrente do Elevador — a cada 50 horas.;HORIMETRO;50.0;h;;[95-C-6] Verificação e Ajuste da Tensão da Corrente do Elevador;262;MEDIA;;
JD-CH950-OMCXT31163-B3;John Deere CH950/CH960 Manual do Operador (OMCXT31163 Ed. B3);;;pt;MANUTENCAO_PROGRAMADA;TREM_ACIONAMENTO;VERIFICAR;Verificação do Nível de Óleo da Redução Final — a cada 50 horas.;HORIMETRO;50.0;h;;[95-C-8] Verificação do Nível de Óleo da Redução Final;264;MEDIA;;
JD-CH950-OMCXT31163-B3;John Deere CH950/CH960 Manual do Operador (OMCXT31163 Ed. B3);;;pt;MANUTENCAO_PROGRAMADA;CORTE_PROCESSAMENTO;INSPECIONAR;Inspeção das Peças de Fixação e Alinhamento da Travessa do Elevador — a cada 100 horas.;HORIMETRO;100.0;h;;[95-D-1] Inspeção das Peças de Fixação e Alinhamento da Travessa do Elevador;265;MEDIA;;
JD-CH950-OMCXT31163-B3;John Deere CH950/CH960 Manual do Operador (OMCXT31163 Ed. B3);;;pt;MANUTENCAO_PROGRAMADA;CORTE_PROCESSAMENTO;INSPECIONAR;Inspeção do Cabo de Suporte do Elevador — a cada 100 horas.;HORIMETRO;100.0;h;;[95-D-2] Inspeção do Cabo de Suporte do Elevador;266;MEDIA;;
JD-CH950-OMCXT31163-B3;John Deere CH950/CH960 Manual do Operador (OMCXT31163 Ed. B3);;;pt;MANUTENCAO_PROGRAMADA;HIDRAULICO;LIMPAR;Limpeza do Compartimento do Motor e das Bombas Hidráulicas — a cada 100 horas.;HORIMETRO;100.0;h;;[95-D-2] Limpeza do Compartimento do Motor e das Bombas Hidráulicas;266;MEDIA;;
JD-CH950-OMCXT31163-B3;John Deere CH950/CH960 Manual do Operador (OMCXT31163 Ed. B3);;;pt;MANUTENCAO_PROGRAMADA;CORTE_PROCESSAMENTO;LIMPAR;Limpeza de Detritos no Elevador e Extrator Secundário — a cada 100 horas.;HORIMETRO;100.0;h;;[95-D-2] Limpeza de Detritos no Elevador e Extrator Secundário;266;MEDIA;;
JD-CH950-OMCXT31163-B3;John Deere CH950/CH960 Manual do Operador (OMCXT31163 Ed. B3);;;pt;MANUTENCAO_PROGRAMADA;CORTE_PROCESSAMENTO;INSPECIONAR;Inspeção do Conjunto do Ventilador do Extrator Primário — a cada 100 horas.;HORIMETRO;100.0;h;;[95-D-2] Inspeção do Conjunto do Ventilador do Extrator Primário;266;MEDIA;;
JD-CH950-OMCXT31163-B3;John Deere CH950/CH960 Manual do Operador (OMCXT31163 Ed. B3);;;pt;MANUTENCAO_PROGRAMADA;CORTE_PROCESSAMENTO;INSPECIONAR;Inspecione o Conjunto do Ventilador do Extrator Secundário — a cada 100 horas.;HORIMETRO;100.0;h;;[95-D-3] Inspecione o Conjunto do Ventilador do Extrator Secundário;267;MEDIA;;
JD-CH950-OMCXT31163-B3;John Deere CH950/CH960 Manual do Operador (OMCXT31163 Ed. B3);;;pt;MANUTENCAO_PROGRAMADA;HIDRAULICO;VERIFICAR;Verificação do Sistema Hidráulico — a cada 100 horas.;HORIMETRO;100.0;h;;[95-D-4] Verificação do Sistema Hidráulico;268;MEDIA;;
JD-CH950-OMCXT31163-B3;John Deere CH950/CH960 Manual do Operador (OMCXT31163 Ed. B3);;;pt;MANUTENCAO_PROGRAMADA;ARREFECIMENTO;VERIFICAR;Verificar o Nível do Líquido de Arrefecimento do Motor — a cada 100 horas.;HORIMETRO;100.0;h;;[95-D-4] Verificar o Nível do Líquido de Arrefecimento do Motor;268;MEDIA;;
JD-CH950-OMCXT31163-B3;John Deere CH950/CH960 Manual do Operador (OMCXT31163 Ed. B3);;;pt;MANUTENCAO_PROGRAMADA;TREM_ACIONAMENTO;TROCAR;Troca do Óleo da Redução Final — a cada 250 horas.;HORIMETRO;250.0;h;;[95-E-2] Troca do Óleo da Redução Final;271;MEDIA;;
JD-CH950-OMCXT31163-B3;John Deere CH950/CH960 Manual do Operador (OMCXT31163 Ed. B3);;;pt;MANUTENCAO_PROGRAMADA;RODANTE_PNEUS;VERIFICAR;Rolamentos do eixo traseiro do elevador — a cada 250 horas.;HORIMETRO;250.0;h;;[95-E-3] Rolamentos do eixo traseiro do elevador;272;MEDIA;;
JD-CH950-OMCXT31163-B3;John Deere CH950/CH960 Manual do Operador (OMCXT31163 Ed. B3);;;pt;MANUTENCAO_PROGRAMADA;CORTE_PROCESSAMENTO;LUBRIFICAR;Lubrificação do Cortador de Base — a cada 250 horas.;HORIMETRO;250.0;h;;[95-E-3] Lubrificação do Cortador de Base;272;MEDIA;;
JD-CH950-OMCXT31163-B3;John Deere CH950/CH960 Manual do Operador (OMCXT31163 Ed. B3);;;pt;MANUTENCAO_PROGRAMADA;CORTE_PROCESSAMENTO;LUBRIFICAR;Lubrificação dos Rolamentos do Picador — a cada 250 horas.;HORIMETRO;250.0;h;;[95-E-3] Lubrificação dos Rolamentos do Picador;272;MEDIA;;
JD-CH950-OMCXT31163-B3;John Deere CH950/CH960 Manual do Operador (OMCXT31163 Ed. B3);;;pt;MANUTENCAO_PROGRAMADA;RODANTE_PNEUS;LUBRIFICAR;Lubrificação do Rolamento do Rolete da Longarina — a cada 250 horas.;HORIMETRO;250.0;h;;[95-E-3] Lubrificação do Rolamento do Rolete da Longarina;272;MEDIA;;
JD-CH950-OMCXT31163-B3;John Deere CH950/CH960 Manual do Operador (OMCXT31163 Ed. B3);;;pt;MANUTENCAO_PROGRAMADA;CORTE_PROCESSAMENTO;LUBRIFICAR;Lubrificação dos Rolamentos do Rolo de Alimentação — a cada 250 horas.;HORIMETRO;250.0;h;;[95-E-4] Lubrificação dos Rolamentos do Rolo de Alimentação;273;MEDIA;;
JD-CH950-OMCXT31163-B3;John Deere CH950/CH960 Manual do Operador (OMCXT31163 Ed. B3);;;pt;MANUTENCAO_PROGRAMADA;RODANTE_PNEUS;VERIFICAR;Verifique o Torque do Bujão do Rolete de Suporte — a cada 250 horas.;HORIMETRO;250.0;h;;[95-E-4] Verifique o Torque do Bujão do Rolete de Suporte;273;MEDIA;;
JD-CH950-OMCXT31163-B3;John Deere CH950/CH960 Manual do Operador (OMCXT31163 Ed. B3);;;pt;MANUTENCAO_PROGRAMADA;HIDRAULICO;LUBRIFICAR;Lubrificação dos Cilindros da Suspensão — a cada 250 horas.;HORIMETRO;250.0;h;;[95-F-2] Lubrificação dos Cilindros da Suspensão;275;MEDIA;;
JD-CH950-OMCXT31163-B3;John Deere CH950/CH960 Manual do Operador (OMCXT31163 Ed. B3);;;pt;MANUTENCAO_PROGRAMADA;COMBUSTIVEL;VERIFICAR;Verificação do Respiro do Tanque de Combustível — a cada 250 horas.;HORIMETRO;250.0;h;;[95-F-2] Verificação do Respiro do Tanque de Combustível;275;MEDIA;;
JD-CH950-OMCXT31163-B3;John Deere CH950/CH960 Manual do Operador (OMCXT31163 Ed. B3);;;pt;MANUTENCAO_PROGRAMADA;CORTE_PROCESSAMENTO;VERIFICAR;Verifique as guias de desgaste do braço telescópico do rolo Tombador superior — a cada 250 horas.;HORIMETRO;250.0;h;;[95-F-2] Verifique as guias de desgaste do braço telescópico do rolo Tombador superior;275;MEDIA;;
JD-CH950-OMCXT31163-B3;John Deere CH950/CH960 Manual do Operador (OMCXT31163 Ed. B3);;;pt;MANUTENCAO_PROGRAMADA;COMBUSTIVEL;VERIFICAR;Verificar o Sistema de Admissão de Ar — a cada 250 horas.;HORIMETRO;250.0;h;;[95-F-3] Verificar o Sistema de Admissão de Ar;276;MEDIA;;
JD-CH950-OMCXT31163-B3;John Deere CH950/CH960 Manual do Operador (OMCXT31163 Ed. B3);;;pt;MANUTENCAO_PROGRAMADA;MOTOR;VERIFICAR;Verificação e Limpeza do Pré-filtro de Ar do Motor — a cada 250 horas.;HORIMETRO;250.0;h;;[95-F-3] Verificação e Limpeza do Pré-filtro de Ar do Motor;276;MEDIA;;
JD-CH950-OMCXT31163-B3;John Deere CH950/CH960 Manual do Operador (OMCXT31163 Ed. B3);;;pt;MANUTENCAO_PROGRAMADA;CORTE_PROCESSAMENTO;VERIFICAR;Verificação do Desgaste nos Batentes do Apoio do Rolo de Alimentação — a cada 250 horas.;HORIMETRO;250.0;h;;[95-F-3] Verificação do Desgaste nos Batentes do Apoio do Rolo de Alimentação;276;MEDIA;;
JD-CH950-OMCXT31163-B3;John Deere CH950/CH960 Manual do Operador (OMCXT31163 Ed. B3);;;pt;MANUTENCAO_PROGRAMADA;RODANTE_PNEUS;AJUSTAR;Ajuste de Pré-carga do Rolamento do Eixo Traseiro — a cada 250 horas.;HORIMETRO;250.0;h;;[95-F-4] Ajuste de Pré-carga do Rolamento do Eixo Traseiro;277;MEDIA;;
JD-CH950-OMCXT31163-B3;John Deere CH950/CH960 Manual do Operador (OMCXT31163 Ed. B3);;;pt;MANUTENCAO_PROGRAMADA;RODANTE_PNEUS;VERIFICAR;Verificar o Torque dos Parafusos da Corrente da Esteira — a cada 250 horas.;HORIMETRO;250.0;h;;[95-F-4] Verificar o Torque dos Parafusos da Corrente da Esteira;277;MEDIA;;
JD-CH950-OMCXT31163-B3;John Deere CH950/CH960 Manual do Operador (OMCXT31163 Ed. B3);;;pt;MANUTENCAO_PROGRAMADA;RODANTE_PNEUS;AJUSTAR;Ajustar a Tensão da Corrente da Esteira — a cada 250 horas.;HORIMETRO;250.0;h;;[95-F-6] Ajustar a Tensão da Corrente da Esteira;279;MEDIA;;
JD-CH950-OMCXT31163-B3;John Deere CH950/CH960 Manual do Operador (OMCXT31163 Ed. B3);;;pt;MANUTENCAO_PROGRAMADA;CORTE_PROCESSAMENTO;VERIFICAR;Verificação do Desgaste nos Batentes do Amortecedor do Elevador — a cada 250 horas.;HORIMETRO;250.0;h;;[95-F-7] Verificação do Desgaste nos Batentes do Amortecedor do Elevador;280;MEDIA;;
JD-CH950-OMCXT31163-B3;John Deere CH950/CH960 Manual do Operador (OMCXT31163 Ed. B3);;;pt;MANUTENCAO_PROGRAMADA;RODANTE_PNEUS;VERIFICAR;Verificação do Torque dos Parafusos de Impacto Ajustáveis — a cada 250 horas.;HORIMETRO;250.0;h;;[95-F-7] Verificação do Torque dos Parafusos de Impacto Ajustáveis;280;MEDIA;;
JD-CH950-OMCXT31163-B3;John Deere CH950/CH960 Manual do Operador (OMCXT31163 Ed. B3);;;pt;MANUTENCAO_PROGRAMADA;MOTOR;TROCAR;Troca de Óleo do Motor e Substituição do Filtro — a cada 500 horas.;HORIMETRO;500.0;h;;[95-G-1] Troca de Óleo do Motor e Substituição do Filtro;281;MEDIA;;
JD-CH950-OMCXT31163-B3;John Deere CH950/CH960 Manual do Operador (OMCXT31163 Ed. B3);;;pt;MANUTENCAO_PROGRAMADA;MOTOR;SUBSTITUIR;Substituição do filtro de ar primário do motor — a cada 500 horas.;HORIMETRO;500.0;h;;[95-G-3] Substituição do filtro de ar primário do motor;283;MEDIA;;
JD-CH950-OMCXT31163-B3;John Deere CH950/CH960 Manual do Operador (OMCXT31163 Ed. B3);;;pt;MANUTENCAO_PROGRAMADA;HIDRAULICO;LIMPAR;Limpeza do Respiro do Tanque Hidráulico — a cada 500 horas.;HORIMETRO;500.0;h;;[95-G-4] Limpeza do Respiro do Tanque Hidráulico;284;MEDIA;;
JD-CH950-OMCXT31163-B3;John Deere CH950/CH960 Manual do Operador (OMCXT31163 Ed. B3);;;pt;MANUTENCAO_PROGRAMADA;COMBUSTIVEL;LIMPAR;Limpeza do Respiro do Tanque do Fluido para Escapamento de Veículos a Diesel (DEF) (Se Equipado com Final Tier 4 - Estágio IV/V) — a cada 500 horas.;HORIMETRO;500.0;h;;[95-G-4] Limpeza do Respiro do Tanque do Fluido para Escapamento de Veículos a Diesel (DEF) (Se Equipado com Final Tier 4 - Estágio IV/V);284;MEDIA;;
JD-CH950-OMCXT31163-B3;John Deere CH950/CH960 Manual do Operador (OMCXT31163 Ed. B3);;;pt;MANUTENCAO_PROGRAMADA;MOTOR;VERIFICAR;Verificar o Sistema de Ventilação do Cárter do Motor Aberto (Se Equipado com Motor Final Tier 4 - Estágio IV/V) — a cada 500 horas.;HORIMETRO;500.0;h;;[95-G-5] Verificar o Sistema de Ventilação do Cárter do Motor Aberto (Se Equipado com Motor Final Tier 4 - Estágio IV/V);285;MEDIA;;
JD-CH950-OMCXT31163-B3;John Deere CH950/CH960 Manual do Operador (OMCXT31163 Ed. B3);;;pt;MANUTENCAO_PROGRAMADA;CORTE_PROCESSAMENTO;VERIFICAR;Verificação das Tiras de Desgaste do Elevador — a cada 500 horas.;HORIMETRO;500.0;h;;[95-G-5] Verificação das Tiras de Desgaste do Elevador;285;MEDIA;;
JD-CH950-OMCXT31163-B3;John Deere CH950/CH960 Manual do Operador (OMCXT31163 Ed. B3);;;pt;MANUTENCAO_PROGRAMADA;HIDRAULICO;VERIFICAR;Verificar a Pressão de Pré-carga do Acumulador do Levante — a cada 500 horas.;HORIMETRO;500.0;h;;[95-G-6] Verificar a Pressão de Pré-carga do Acumulador do Levante;286;MEDIA;;
JD-CH950-OMCXT31163-B3;John Deere CH950/CH960 Manual do Operador (OMCXT31163 Ed. B3);;;pt;MANUTENCAO_PROGRAMADA;ELETRICO;VERIFICAR;Verificação e Limpeza dos Pontos de Aterramento — a cada 500 horas.;HORIMETRO;500.0;h;;[95-G-6] Verificação e Limpeza dos Pontos de Aterramento;286;MEDIA;;
JD-CH950-OMCXT31163-B3;John Deere CH950/CH960 Manual do Operador (OMCXT31163 Ed. B3);;;pt;MANUTENCAO_PROGRAMADA;COMBUSTIVEL;SUBSTITUIR;Substituição dos Filtros de Combustível — a cada 500 horas.;HORIMETRO;500.0;h;;[95-G-7] Substituição dos Filtros de Combustível;287;MEDIA;;
JD-CH950-OMCXT31163-B3;John Deere CH950/CH960 Manual do Operador (OMCXT31163 Ed. B3);;;pt;MANUTENCAO_PROGRAMADA;TREM_ACIONAMENTO;TROCAR;Trocar o Óleo da Caixa de Engrenagens de Acionamento da Bomba — a cada 1000 horas.;HORIMETRO;1000.0;h;;[95-H-2] Trocar o Óleo da Caixa de Engrenagens de Acionamento da Bomba;290;MEDIA;;
JD-CH950-OMCXT31163-B3;John Deere CH950/CH960 Manual do Operador (OMCXT31163 Ed. B3);;;pt;MANUTENCAO_PROGRAMADA;TREM_ACIONAMENTO;TROCAR;Trocar o Óleo da Caixa de Engrenagens do Picador — a cada 1000 horas.;HORIMETRO;1000.0;h;;[95-H-2] Trocar o Óleo da Caixa de Engrenagens do Picador;290;MEDIA;;
JD-CH950-OMCXT31163-B3;John Deere CH950/CH960 Manual do Operador (OMCXT31163 Ed. B3);;;pt;MANUTENCAO_PROGRAMADA;CORTE_PROCESSAMENTO;TROCAR;Troca de Óleo da Caixa de Engrenagens do Cortador de Base — a cada 1000 horas.;HORIMETRO;1000.0;h;;[95-H-3] Troca de Óleo da Caixa de Engrenagens do Cortador de Base;291;MEDIA;;
JD-CH950-OMCXT31163-B3;John Deere CH950/CH960 Manual do Operador (OMCXT31163 Ed. B3);;;pt;MANUTENCAO_PROGRAMADA;CHASSI;SUBSTITUIR;Substituição das Buchas Traseiras da Parede Lateral Flutuante e das Arruelas — a cada 1000 horas.;HORIMETRO;1000.0;h;;[95-H-4] Substituição das Buchas Traseiras da Parede Lateral Flutuante e das Arruelas;292;MEDIA;;
JD-CH950-OMCXT31163-B3;John Deere CH950/CH960 Manual do Operador (OMCXT31163 Ed. B3);;;pt;MANUTENCAO_PROGRAMADA;HIDRAULICO;VERIFICAR;Verificar a Pressão de Pré-Carga dos Acumuladores do Divisor de Linha — a cada 1000 horas.;HORIMETRO;1000.0;h;;[95-H-5] Verificar a Pressão de Pré-Carga dos Acumuladores do Divisor de Linha;293;MEDIA;;
JD-CH950-OMCXT31163-B3;John Deere CH950/CH960 Manual do Operador (OMCXT31163 Ed. B3);;;pt;MANUTENCAO_PROGRAMADA;COMBUSTIVEL;SUBSTITUIR;Substitua o Elemento Filtrante do Pré-Filtro de Combustível (Se Equipado com Motor Tier 3-Estágio IIIA) — a cada 1000 horas.;HORIMETRO;1000.0;h;;[95-H-5] Substitua o Elemento Filtrante do Pré-Filtro de Combustível (Se Equipado com Motor Tier 3-Estágio IIIA);293;MEDIA;;
JD-CH950-OMCXT31163-B3;John Deere CH950/CH960 Manual do Operador (OMCXT31163 Ed. B3);;;pt;MANUTENCAO_PROGRAMADA;CORTE_PROCESSAMENTO;LUBRIFICAR;Lubrificação do Rolamento do Motor do Extrator Primário (Se Equipado) — a cada 1000 horas.;HORIMETRO;1000.0;h;;[95-H-6] Lubrificação do Rolamento do Motor do Extrator Primário (Se Equipado);294;MEDIA;;
JD-CH950-OMCXT31163-B3;John Deere CH950/CH960 Manual do Operador (OMCXT31163 Ed. B3);;;pt;MANUTENCAO_PROGRAMADA;CORTE_PROCESSAMENTO;LUBRIFICAR;Lubrificação do Rolamento do Motor do Extrator Secundário — a cada 1000 horas.;HORIMETRO;1000.0;h;;[95-H-6] Lubrificação do Rolamento do Motor do Extrator Secundário;294;MEDIA;;
JD-CH950-OMCXT31163-B3;John Deere CH950/CH960 Manual do Operador (OMCXT31163 Ed. B3);;;pt;MANUTENCAO_PROGRAMADA;MOTOR;SUBSTITUIR;Substituição do Filtro de Segurança do Motor — a cada 1500 horas.;HORIMETRO;1500.0;h;;[95-I-2] Substituição do Filtro de Segurança do Motor;297;MEDIA;;
JD-CH950-OMCXT31163-B3;John Deere CH950/CH960 Manual do Operador (OMCXT31163 Ed. B3);;;pt;MANUTENCAO_PROGRAMADA;COMBUSTIVEL;VERIFICAR;Acesso ao Filtro da Unidade de Dosagem de Fluido para Escapamento de Veículos a Diesel (DEF) (Se Equipado com Motor Final Tier 4 ou Estágio IV/V) — a cada 1500 horas.;HORIMETRO;1500.0;h;;[95-I-2] Acesso ao Filtro da Unidade de Dosagem de Fluido para Escapamento de Veículos a Diesel (DEF) (Se Equipado com Motor Final Tier 4 ou Estágio IV/V);297;MEDIA;;
JD-CH950-OMCXT31163-B3;John Deere CH950/CH960 Manual do Operador (OMCXT31163 Ed. B3);;;pt;MANUTENCAO_PROGRAMADA;COMBUSTIVEL;SUBSTITUIR;Substituir o Filtro da Unidade de Dosagem de Fluido para Escapamento de Veículos a Diesel (DEF) (Se Equipado com Motor Final Tier 4 ou Estágio IV) — a cada 1500 horas.;HORIMETRO;1500.0;h;;[95-I-3] Substituir o Filtro da Unidade de Dosagem de Fluido para Escapamento de Veículos a Diesel (DEF) (Se Equipado com Motor Final Tier 4 ou Estágio IV);298;MEDIA;;
JD-CH950-OMCXT31163-B3;John Deere CH950/CH960 Manual do Operador (OMCXT31163 Ed. B3);;;pt;MANUTENCAO_PROGRAMADA;COMBUSTIVEL;SUBSTITUIR;Substituir o Filtro Em Linha do Fluido para Escapamento de Veículos a Diesel (DEF) (Se Equipado com Motor Final Tier 4 ou Estágio IV/V) — a cada 1500 horas.;HORIMETRO;1500.0;h;;[95-I-4] Substituir o Filtro Em Linha do Fluido para Escapamento de Veículos a Diesel (DEF) (Se Equipado com Motor Final Tier 4 ou Estágio IV/V);299;MEDIA;;
JD-CH950-OMCXT31163-B3;John Deere CH950/CH960 Manual do Operador (OMCXT31163 Ed. B3);;;pt;MANUTENCAO_PROGRAMADA;HIDRAULICO;TROCAR;Troca dos Filtros Hidráulicos — a cada 1500 horas.;HORIMETRO;1500.0;h;;[95-I-5] Troca dos Filtros Hidráulicos;300;MEDIA;;
JD-CH950-OMCXT31163-B3;John Deere CH950/CH960 Manual do Operador (OMCXT31163 Ed. B3);;;pt;MANUTENCAO_PROGRAMADA;CORTE_PROCESSAMENTO;VERIFICAR;Verificação das Peças de Fixação do Tambor do Picador — a cada 1500 horas.;HORIMETRO;1500.0;h;;[95-I-6] Verificação das Peças de Fixação do Tambor do Picador;301;MEDIA;;
JD-CH950-OMCXT31163-B3;John Deere CH950/CH960 Manual do Operador (OMCXT31163 Ed. B3);;;pt;MANUTENCAO_PROGRAMADA;CHASSI;VERIFICAR;Verificação do Extintor de Incêndio — a cada 1500 horas.;HORIMETRO;1500.0;h;;[95-I-7] Verificação do Extintor de Incêndio;302;MEDIA;;
JD-CH950-OMCXT31163-B3;John Deere CH950/CH960 Manual do Operador (OMCXT31163 Ed. B3);;;pt;MANUTENCAO_PROGRAMADA;MOTOR;VERIFICAR;Verificação do Desgaste da Correia do Motor — a cada 1500 horas.;HORIMETRO;1500.0;h;;[95-I-7] Verificação do Desgaste da Correia do Motor;302;MEDIA;;
JD-CH950-OMCXT31163-B3;John Deere CH950/CH960 Manual do Operador (OMCXT31163 Ed. B3);;;pt;MANUTENCAO_PROGRAMADA;CHASSI;VERIFICAR;Verificação da Tensão da Mola do Tensor — a cada 1500 horas.;HORIMETRO;1500.0;h;;[95-I-7] Verificação da Tensão da Mola do Tensor;302;MEDIA;;
JD-CH950-OMCXT31163-B3;John Deere CH950/CH960 Manual do Operador (OMCXT31163 Ed. B3);;;pt;MANUTENCAO_PROGRAMADA;ARREFECIMENTO;INSPECIONAR;Inspeção Visual do Orifício de Dreno da Bomba de Líquido de Arrefecimento — a cada 1500 horas.;HORIMETRO;1500.0;h;;[95-I-8] Inspeção Visual do Orifício de Dreno da Bomba de Líquido de Arrefecimento;303;MEDIA;;
JD-CH950-OMCXT31163-B3;John Deere CH950/CH960 Manual do Operador (OMCXT31163 Ed. B3);;;pt;MANUTENCAO_PROGRAMADA;CORTE_PROCESSAMENTO;SUBSTITUIR;Remover e Instalar as Travessas da Corrente do Elevador — a cada 1500 horas.;HORIMETRO;1500.0;h;;[95-I-8] Remover e Instalar as Travessas da Corrente do Elevador;303;MEDIA;;
JD-CH950-OMCXT31163-B3;John Deere CH950/CH960 Manual do Operador (OMCXT31163 Ed. B3);;;pt;MANUTENCAO_PROGRAMADA;HIDRAULICO;VERIFICAR;Verificar a Pressão de Pré-Carga do Acumulador do Elevador — a cada 1500 horas.;HORIMETRO;1500.0;h;;[95-I-9] Verificar a Pressão de Pré-Carga do Acumulador do Elevador;304;MEDIA;;
JD-CH950-OMCXT31163-B3;John Deere CH950/CH960 Manual do Operador (OMCXT31163 Ed. B3);;;pt;MANUTENCAO_PROGRAMADA;HIDRAULICO;VERIFICAR;Verificar a Pressão de Pré-Carga do Acumulador do Cortador de Pontas — a cada 1500 horas.;HORIMETRO;1500.0;h;;[95-I-9] Verificar a Pressão de Pré-Carga do Acumulador do Cortador de Pontas;304;MEDIA;;
JD-CH950-OMCXT31163-B3;John Deere CH950/CH960 Manual do Operador (OMCXT31163 Ed. B3);;;pt;MANUTENCAO_PROGRAMADA;MOTOR;LIMPAR;Limpar os Injetores Eletrônicos do Motor — a cada 3000 horas (ou anual, o que ocorrer primeiro).;HORIMETRO;3000.0;h;OU_CALENDARIO:ANUAL;[95-J-1] Limpar os Injetores Eletrônicos do Motor;305;MEDIA;;
JD-CH950-OMCXT31163-B3;John Deere CH950/CH960 Manual do Operador (OMCXT31163 Ed. B3);;;pt;MANUTENCAO_PROGRAMADA;CABINE_ESTRUTURA;VERIFICAR;Verificação dos Cintos de Segurança — a cada 3000 horas (ou anual, o que ocorrer primeiro).;HORIMETRO;3000.0;h;OU_CALENDARIO:ANUAL;[95-J-3] Verificação dos Cintos de Segurança;307;MEDIA;;
JD-CH950-OMCXT31163-B3;John Deere CH950/CH960 Manual do Operador (OMCXT31163 Ed. B3);;;pt;MANUTENCAO_PROGRAMADA;CHASSI;VERIFICAR;Verificação de Pinos e Buchas — a cada 3000 horas (ou anual, o que ocorrer primeiro).;HORIMETRO;3000.0;h;OU_CALENDARIO:ANUAL;[95-J-3] Verificação de Pinos e Buchas;307;MEDIA;;
JD-CH950-OMCXT31163-B3;John Deere CH950/CH960 Manual do Operador (OMCXT31163 Ed. B3);;;pt;MANUTENCAO_PROGRAMADA;ARREFECIMENTO;LAVAR;Lavagem do Sistema de Arrefecimento — a cada 6000 horas.;HORIMETRO;6000.0;h;;[95-K-1] Lavagem do Sistema de Arrefecimento;309;MEDIA;;
JD-CH950-OMCXT31163-B3;John Deere CH950/CH960 Manual do Operador (OMCXT31163 Ed. B3);;;pt;MANUTENCAO_PROGRAMADA;MOTOR;SUBSTITUIR;Substituir Termostato — a cada 6000 horas.;HORIMETRO;6000.0;h;;[95-K-3] Substituir Termostato;311;MEDIA;;
JD-CH950-OMCXT31163-B3;John Deere CH950/CH960 Manual do Operador (OMCXT31163 Ed. B3);;;pt;MANUTENCAO_PROGRAMADA;MOTOR;TROCAR;Troca do Acoplador do Motor — a cada 6000 horas.;HORIMETRO;6000.0;h;;[95-K-3] Troca do Acoplador do Motor;311;MEDIA;;
JD-CH950-OMCXT31163-B3;John Deere CH950/CH960 Manual do Operador (OMCXT31163 Ed. B3);;;pt;MANUTENCAO_PROGRAMADA;MOTOR;VERIFICAR;Verificação do Bico Injetor — a cada 6000 horas.;HORIMETRO;6000.0;h;;[95-K-3] Verificação do Bico Injetor;311;MEDIA;;
JD-CH950-OMCXT31163-B3;John Deere CH950/CH960 Manual do Operador (OMCXT31163 Ed. B3);;;pt;MANUTENCAO_PROGRAMADA;CABINE_ESTRUTURA;LIMPAR;Limpeza do Vidro da Cabine — conforme necessário.;CONDICIONAL;;;;[95-L-1] Limpeza do Vidro da Cabine;312;MEDIA;;
JD-CH950-OMCXT31163-B3;John Deere CH950/CH960 Manual do Operador (OMCXT31163 Ed. B3);;;pt;MANUTENCAO_PROGRAMADA;COMBUSTIVEL;VERIFICAR;Não Modifique o Sistema de Combustível — conforme necessário.;CONDICIONAL;;;;[95-L-2] Não Modifique o Sistema de Combustível;313;MEDIA;;
JD-CH950-OMCXT31163-B3;John Deere CH950/CH960 Manual do Operador (OMCXT31163 Ed. B3);;;pt;MANUTENCAO_PROGRAMADA;COMBUSTIVEL;DRENAR;Drenar Tanque de Combustível — conforme necessário.;CONDICIONAL;;;;[95-L-2] Drenar Tanque de Combustível;313;MEDIA;;
JD-CH950-OMCXT31163-B3;John Deere CH950/CH960 Manual do Operador (OMCXT31163 Ed. B3);;;pt;MANUTENCAO_PROGRAMADA;COMBUSTIVEL;LUBRIFICAR;Abastecimento do Tanque de Combustível — conforme necessário.;CONDICIONAL;;;;[95-L-3] Abastecimento do Tanque de Combustível;314;MEDIA;;
JD-CH950-OMCXT31163-B3;John Deere CH950/CH960 Manual do Operador (OMCXT31163 Ed. B3);;;pt;MANUTENCAO_PROGRAMADA;COMBUSTIVEL;VERIFICAR;Sangria do Sistema de Combustível — conforme necessário.;CONDICIONAL;;;;[95-L-3] Sangria do Sistema de Combustível;314;MEDIA;;
JD-CH950-OMCXT31163-B3;John Deere CH950/CH960 Manual do Operador (OMCXT31163 Ed. B3);;;pt;MANUTENCAO_PROGRAMADA;COMBUSTIVEL;VERIFICAR;Manutenção do Filtro Primário — conforme necessário.;CONDICIONAL;;;;[95-L-3] Manutenção do Filtro Primário;314;MEDIA;;
JD-CH950-OMCXT31163-B3;John Deere CH950/CH960 Manual do Operador (OMCXT31163 Ed. B3);;;pt;MANUTENCAO_PROGRAMADA;COMBUSTIVEL;LIMPAR;Limpar o Elemento Filtrante do Pré-Filtro de Combustível (Se Equipado com o Motor Final Tier 4-Estágio IV/V) — conforme necessário.;CONDICIONAL;;;;[95-L-5] Limpar o Elemento Filtrante do Pré-Filtro de Combustível (Se Equipado com o Motor Final Tier 4-Estágio IV/V);316;MEDIA;;
JD-CH950-OMCXT31163-B3;John Deere CH950/CH960 Manual do Operador (OMCXT31163 Ed. B3);;;pt;MANUTENCAO_PROGRAMADA;COMBUSTIVEL;LIMPAR;Limpeza do tanque de fluido para escapamento de veículos a diesel (DEF) — conforme necessário.;CONDICIONAL;;;;[95-L-6] Limpeza do tanque de fluido para escapamento de veículos a diesel (DEF);317;MEDIA;;
JD-CH950-OMCXT31163-B3;John Deere CH950/CH960 Manual do Operador (OMCXT31163 Ed. B3);;;pt;MANUTENCAO_PROGRAMADA;COMBUSTIVEL;LUBRIFICAR;Abastecer o Tanque de Fluido para Escapamento de Veículos a Diesel (DEF) — conforme necessário.;CONDICIONAL;;;;[95-L-7] Abastecer o Tanque de Fluido para Escapamento de Veículos a Diesel (DEF);318;MEDIA;;
JD-CH950-OMCXT31163-B3;John Deere CH950/CH960 Manual do Operador (OMCXT31163 Ed. B3);;;pt;MANUTENCAO_PROGRAMADA;CABINE_ESTRUTURA;SUBSTITUIR;Remoção e Instalação do Filtro de Ar fresco do Ar-condicionado — conforme necessário.;CONDICIONAL;;;;[95-L-8] Remoção e Instalação do Filtro de Ar fresco do Ar-condicionado;319;MEDIA;;
JD-CH950-OMCXT31163-B3;John Deere CH950/CH960 Manual do Operador (OMCXT31163 Ed. B3);;;pt;MANUTENCAO_PROGRAMADA;CABINE_ESTRUTURA;SUBSTITUIR;Remoção e Instalação do Filtro de Recirculação do Ar-condicionado — conforme necessário.;CONDICIONAL;;;;[95-L-8] Remoção e Instalação do Filtro de Recirculação do Ar-condicionado;319;MEDIA;;
JD-CH950-OMCXT31163-B3;John Deere CH950/CH960 Manual do Operador (OMCXT31163 Ed. B3);;;pt;MANUTENCAO_PROGRAMADA;ARREFECIMENTO;LIMPAR;Limpar o Radiador e os Resfriadores — conforme necessário.;CONDICIONAL;;;;[95-L-8] Limpar o Radiador e os Resfriadores;319;MEDIA;;
JD-CH950-OMCXT31163-B3;John Deere CH950/CH960 Manual do Operador (OMCXT31163 Ed. B3);;;pt;MANUTENCAO_PROGRAMADA;ARREFECIMENTO;VERIFICAR;Verificação do Sistema de Arrefecimento — conforme necessário.;CONDICIONAL;;;;[95-L-9] Verificação do Sistema de Arrefecimento;320;MEDIA;;
JD-CH950-OMCXT31163-B3;John Deere CH950/CH960 Manual do Operador (OMCXT31163 Ed. B3);;;pt;MANUTENCAO_PROGRAMADA;ARREFECIMENTO;DRENAR;Drenagem do Sistema de Arrefecimento — conforme necessário.;CONDICIONAL;;;;[95-L-9] Drenagem do Sistema de Arrefecimento;320;MEDIA;;
JD-CH950-OMCXT31163-B3;John Deere CH950/CH960 Manual do Operador (OMCXT31163 Ed. B3);;;pt;MANUTENCAO_PROGRAMADA;ARREFECIMENTO;LUBRIFICAR;Abastecer o Sistema de Arrefecimento — conforme necessário.;CONDICIONAL;;;;[95-L-9] Abastecer o Sistema de Arrefecimento;320;MEDIA;;
JD-CH950-OMCXT31163-B3;John Deere CH950/CH960 Manual do Operador (OMCXT31163 Ed. B3);;;pt;MANUTENCAO_PROGRAMADA;ARREFECIMENTO;LAVAR;Lavagem do Sistema de Arrefecimento — conforme necessário.;CONDICIONAL;;;;[95-L-10] Lavagem do Sistema de Arrefecimento;321;MEDIA;;
JD-CH950-OMCXT31163-B3;John Deere CH950/CH960 Manual do Operador (OMCXT31163 Ed. B3);;;pt;MANUTENCAO_PROGRAMADA;HIDRAULICO;VERIFICAR;Adição de Óleo Hidráulico — conforme necessário.;CONDICIONAL;;;;[95-M-2] Adição de Óleo Hidráulico;325;MEDIA;;
JD-CH950-OMCXT31163-B3;John Deere CH950/CH960 Manual do Operador (OMCXT31163 Ed. B3);;;pt;MANUTENCAO_PROGRAMADA;HIDRAULICO;TROCAR;Troca do Óleo Hidráulico — conforme necessário.;CONDICIONAL;;;;[95-M-2] Troca do Óleo Hidráulico;325;MEDIA;;
JD-CH950-OMCXT31163-B3;John Deere CH950/CH960 Manual do Operador (OMCXT31163 Ed. B3);;;pt;MANUTENCAO_PROGRAMADA;CORTE_PROCESSAMENTO;SUBSTITUIR;Remoção e Instalação das Lâminas do Cortador de Base — conforme necessário.;CONDICIONAL;;;;[95-M-3] Remoção e Instalação das Lâminas do Cortador de Base;326;MEDIA;;
JD-CH950-OMCXT31163-B3;John Deere CH950/CH960 Manual do Operador (OMCXT31163 Ed. B3);;;pt;MANUTENCAO_PROGRAMADA;CORTE_PROCESSAMENTO;VERIFICAR;Manutenção da Lâmina do Cortador de Base — conforme necessário.;CONDICIONAL;;;;[95-M-4] Manutenção da Lâmina do Cortador de Base;327;MEDIA;;
JD-CH950-OMCXT31163-B3;John Deere CH950/CH960 Manual do Operador (OMCXT31163 Ed. B3);;;pt;MANUTENCAO_PROGRAMADA;CORTE_PROCESSAMENTO;SUBSTITUIR;Remoção e Instalação das Lâminas do Picador — conforme necessário.;CONDICIONAL;;;;[95-M-4] Remoção e Instalação das Lâminas do Picador;327;MEDIA;;
JD-CH950-OMCXT31163-B3;John Deere CH950/CH960 Manual do Operador (OMCXT31163 Ed. B3);;;pt;MANUTENCAO_PROGRAMADA;COMBUSTIVEL;AJUSTAR;Ajuste da Proteção do Defletor de Pedaços — conforme necessário.;CONDICIONAL;;;;[95-M-5] Ajuste da Proteção do Defletor de Pedaços;328;MEDIA;;
JD-CH950-OMCXT31163-B3;John Deere CH950/CH960 Manual do Operador (OMCXT31163 Ed. B3);;;pt;MANUTENCAO_PROGRAMADA;RODANTE_PNEUS;AJUSTAR;Ajuste do Rolete da Longarina — conforme necessário.;CONDICIONAL;;;;[95-M-5] Ajuste do Rolete da Longarina;328;MEDIA;;
JD-CH950-OMCXT31163-B3;John Deere CH950/CH960 Manual do Operador (OMCXT31163 Ed. B3);;;pt;MANUTENCAO_PROGRAMADA;RODANTE_PNEUS;AJUSTAR;Ajuste da Chapa Traseira do Rolete da Longarina — conforme necessário.;CONDICIONAL;;;;[95-M-6] Ajuste da Chapa Traseira do Rolete da Longarina;329;MEDIA;;
JD-CH950-OMCXT31163-B3;John Deere CH950/CH960 Manual do Operador (OMCXT31163 Ed. B3);;;pt;MANUTENCAO_PROGRAMADA;CORTE_PROCESSAMENTO;SUBSTITUIR;Remover e Instalar as Lâminas do Cortador de Pontas — conforme necessário.;CONDICIONAL;;;;[95-M-6] Remover e Instalar as Lâminas do Cortador de Pontas;329;MEDIA;;
JD-CH950-OMCXT31163-B3;John Deere CH950/CH960 Manual do Operador (OMCXT31163 Ed. B3);;;pt;MANUTENCAO_PROGRAMADA;CORTE_PROCESSAMENTO;SUBSTITUIR;Remoção e Instalação das Facas do Cortador de Vinhas — conforme necessário.;CONDICIONAL;;;;[95-M-6] Remoção e Instalação das Facas do Cortador de Vinhas;329;MEDIA;;
JD-CH950-OMCXT31163-B3;John Deere CH950/CH960 Manual do Operador (OMCXT31163 Ed. B3);;;pt;MANUTENCAO_PROGRAMADA;CORTE_PROCESSAMENTO;SUBSTITUIR;Remoção e Instalação das Lâminas da Faca Lateral Triangular — conforme necessário.;CONDICIONAL;;;;[95-M-7] Remoção e Instalação das Lâminas da Faca Lateral Triangular;330;MEDIA;;
JD-CH950-OMCXT31163-B3;John Deere CH950/CH960 Manual do Operador (OMCXT31163 Ed. B3);;;pt;MANUTENCAO_PROGRAMADA;CORTE_PROCESSAMENTO;SUBSTITUIR;Remoção e Instalação das Lâminas do Estilo Cortador de Base — conforme necessário.;CONDICIONAL;;;;[95-M-7] Remoção e Instalação das Lâminas do Estilo Cortador de Base;330;MEDIA;;
JD-CH950-OMCXT31163-B3;John Deere CH950/CH960 Manual do Operador (OMCXT31163 Ed. B3);;;pt;MANUTENCAO_PROGRAMADA;CORTE_PROCESSAMENTO;SUBSTITUIR;Remover e Instalar as Lâminas do Ventilador do Extrator Primário — conforme necessário.;CONDICIONAL;;;;[95-M-8] Remover e Instalar as Lâminas do Ventilador do Extrator Primário;331;MEDIA;;
JD-CH950-OMCXT31163-B3;John Deere CH950/CH960 Manual do Operador (OMCXT31163 Ed. B3);;;pt;MANUTENCAO_PROGRAMADA;CORTE_PROCESSAMENTO;SUBSTITUIR;Remoção e Instalação das Lâminas do Ventilador do Extrator Secundário — conforme necessário.;CONDICIONAL;;;;[95-M-9] Remoção e Instalação das Lâminas do Ventilador do Extrator Secundário;332;MEDIA;;
JD-CH950-OMCXT31163-B3;John Deere CH950/CH960 Manual do Operador (OMCXT31163 Ed. B3);;;pt;MANUTENCAO_PROGRAMADA;CORTE_PROCESSAMENTO;VERIFICAR;Procedimento de Partida Após Substituição da Lâmina do Extrator — conforme necessário.;CONDICIONAL;;;;[95-M-9] Procedimento de Partida Após Substituição da Lâmina do Extrator;332;MEDIA;;
JD-CH950-OMCXT31163-B3;John Deere CH950/CH960 Manual do Operador (OMCXT31163 Ed. B3);;;pt;MANUTENCAO_PROGRAMADA;CORTE_PROCESSAMENTO;AJUSTAR;Ajuste da Tensão da Corrente do Extrator Primário — conforme necessário.;CONDICIONAL;;;;[95-M-10] Ajuste da Tensão da Corrente do Extrator Primário;333;MEDIA;;
JD-CH950-OMCXT31163-B3;John Deere CH950/CH960 Manual do Operador (OMCXT31163 Ed. B3);;;pt;MANUTENCAO_PROGRAMADA;CORTE_PROCESSAMENTO;AJUSTAR;Ajuste da Tensão da Corrente do Extrator Secundário — conforme necessário.;CONDICIONAL;;;;[95-M-10] Ajuste da Tensão da Corrente do Extrator Secundário;333;MEDIA;;
JD-CH950-OMCXT31163-B3;John Deere CH950/CH960 Manual do Operador (OMCXT31163 Ed. B3);;;pt;MANUTENCAO_PROGRAMADA;RODANTE_PNEUS;VERIFICAR;Verificar o Torque dos Parafusos da Corrente da Esteira — conforme necessário.;CONDICIONAL;;;;[95-M-11] Verificar o Torque dos Parafusos da Corrente da Esteira;334;MEDIA;;
JD-CH950-OMCXT31163-B3;John Deere CH950/CH960 Manual do Operador (OMCXT31163 Ed. B3);;;pt;MANUTENCAO_PROGRAMADA;COMBUSTIVEL;SUBSTITUIR;Substituição dos Filtros de Combustível — conforme necessário.;CONDICIONAL;;;;[95-M-12] Substituição dos Filtros de Combustível;335;MEDIA;;
JD-5060E-OMTR132548-E6;John Deere 5060E/5070E/5080E/5078E/5090E Manual do Operador (OMTR132548 Ed. E6);;;pt;MANUTENCAO_PROGRAMADA;MOTOR;TROCAR;Troque o óleo do motor e substitua o filtro de óleo do motor — conforme necessário (amaciamento, execução única).;CONDICIONAL;;;AMACIAMENTO_UNICA_VEZ;[Período de Amaciamento / Motor] Troque o óleo do motor e substitua o filtro de óleo do motor.;166;MEDIA;;
JD-5060E-OMTR132548-E6;John Deere 5060E/5070E/5080E/5078E/5090E Manual do Operador (OMTR132548 Ed. E6);;;pt;MANUTENCAO_PROGRAMADA;ARREFECIMENTO;VERIFICAR;Verifique e aperte as mangueiras e as braçadeiras do sistema hidráulico, da entrada de ar e de arrefecimento — conforme necessário (amaciamento, execução única).;CONDICIONAL;;;AMACIAMENTO_UNICA_VEZ;[Período de Amaciamento / Combustível, Admissão de Ar, Exaustão e Arrefecimento] Verifique e aperte as mangueiras e as braçadeiras do sistema hidráulico, da / entrada de ar e de arrefecimento.;166;MEDIA;;
JD-5060E-OMTR132548-E6;John Deere 5060E/5070E/5080E/5078E/5090E Manual do Operador (OMTR132548 Ed. E6);;;pt;MANUTENCAO_PROGRAMADA;ARREFECIMENTO;VERIFICAR;Verifique o sistema de arrefecimento para saber se há vazamentos — conforme necessário (amaciamento, execução única).;CONDICIONAL;;;AMACIAMENTO_UNICA_VEZ;[Período de Amaciamento / Combustível, Admissão de Ar, Exaustão e Arrefecimento] Verifique o sistema de arrefecimento para saber se há vazamentos.;166;MEDIA;;
JD-5060E-OMTR132548-E6;John Deere 5060E/5070E/5080E/5078E/5090E Manual do Operador (OMTR132548 Ed. E6);;;pt;MANUTENCAO_PROGRAMADA;TREM_ACIONAMENTO;TROCAR;Troque o óleo da redução final do eixo dianteiro — conforme necessário (amaciamento, execução única).;CONDICIONAL;;;AMACIAMENTO_UNICA_VEZ;[Período de Amaciamento / Trem de acionamento] Troque o óleo da redução final do eixo dianteiro.;166;MEDIA;;
JD-5060E-OMTR132548-E6;John Deere 5060E/5070E/5080E/5078E/5090E Manual do Operador (OMTR132548 Ed. E6);;;pt;MANUTENCAO_PROGRAMADA;TREM_ACIONAMENTO;TROCAR;Troque o óleo do diferencial do eixo Dianteiro — conforme necessário (amaciamento, execução única).;CONDICIONAL;;;AMACIAMENTO_UNICA_VEZ;[Período de Amaciamento / Trem de acionamento] Troque o óleo do diferencial do eixo Dianteiro.;166;MEDIA;;
JD-5060E-OMTR132548-E6;John Deere 5060E/5070E/5080E/5078E/5090E Manual do Operador (OMTR132548 Ed. E6);;;pt;MANUTENCAO_PROGRAMADA;TREM_ACIONAMENTO;LUBRIFICAR;Lubrifique o eixo da TDP — conforme necessário.;CONDICIONAL;;;AMACIAMENTO_UNICA_VEZ + NOTA_b:b: Se o trator operar em condições de umidade ou lama.;[Período de Amaciamento / Trem de acionamento] Lubrifique o eixo da TDP.b;166;MEDIA;;
JD-5060E-OMTR132548-E6;John Deere 5060E/5070E/5080E/5078E/5090E Manual do Operador (OMTR132548 Ed. E6);;;pt;MANUTENCAO_PROGRAMADA;HIDRAULICO;SUBSTITUIR;Substitua os filtros de óleo hidráulico/transmissão — conforme necessário (amaciamento, execução única).;CONDICIONAL;;;AMACIAMENTO_UNICA_VEZ;[Período de Amaciamento / Sistema Hidráulico] Substitua os filtros de óleo hidráulico/transmissão.;166;MEDIA;;
JD-5060E-OMTR132548-E6;John Deere 5060E/5070E/5080E/5078E/5090E Manual do Operador (OMTR132548 Ed. E6);;;pt;MANUTENCAO_PROGRAMADA;RODANTE_PNEUS;VERIFICAR;Verifique o torque de aperto dos parafusos do engate traseiro de três pontos — conforme necessário (amaciamento, execução única).;CONDICIONAL;;;AMACIAMENTO_UNICA_VEZ;[Período de Amaciamento / Rodas e Peças de Fixação] Verifique o torque de aperto dos parafusos do engate traseiro de três pontos.;166;MEDIA;;
JD-5060E-OMTR132548-E6;John Deere 5060E/5070E/5080E/5078E/5090E Manual do Operador (OMTR132548 Ed. E6);;;pt;MANUTENCAO_PROGRAMADA;MOTOR;AJUSTAR;Ajuste a folga entre as válvulas do motor — a cada 500 horas (amaciamento, execução única).;HORIMETRO;500.0;h;AMACIAMENTO_UNICA_VEZ;[Primeiras 500 Horas de Operação / Motor] Ajuste a folga entre as válvulas do motor.;166;MEDIA;;
JD-5060E-OMTR132548-E6;John Deere 5060E/5070E/5080E/5078E/5090E Manual do Operador (OMTR132548 Ed. E6);;;pt;MANUTENCAO_PROGRAMADA;MOTOR;VERIFICAR;Verifique o nível de óleo do motor — a cada 10 horas (ou diario, o que ocorrer primeiro).;HORIMETRO;10.0;h;OU_CALENDARIO:DIARIO;[Diariamente ou a Cada 10 Horas de Operação / Motor] Verifique o nível de óleo do motor.;166;MEDIA;;
JD-5060E-OMTR132548-E6;John Deere 5060E/5070E/5080E/5078E/5090E Manual do Operador (OMTR132548 Ed. E6);;;pt;MANUTENCAO_PROGRAMADA;ARREFECIMENTO;DRENAR;Drene a água e os sedimentos dos filtros de combustível — a cada 10 horas (ou diario, o que ocorrer primeiro).;HORIMETRO;10.0;h;OU_CALENDARIO:DIARIO;[Diariamente ou a Cada 10 Horas de Operação / Combustível, Admissão de Ar, Exaustão e Arrefecimento.] Drene a água e os sedimentos dos filtros de combustível.;166;MEDIA;;
JD-5060E-OMTR132548-E6;John Deere 5060E/5070E/5080E/5078E/5090E Manual do Operador (OMTR132548 Ed. E6);;;pt;MANUTENCAO_PROGRAMADA;ARREFECIMENTO;VERIFICAR;Verificação do nível do líquido de arrefecimento — a cada 10 horas (ou diario, o que ocorrer primeiro).;HORIMETRO;10.0;h;OU_CALENDARIO:DIARIO;[Diariamente ou a Cada 10 Horas de Operação / Combustível, Admissão de Ar, Exaustão e Arrefecimento.] Verificação do nível do líquido de arrefecimento.;166;MEDIA;;
JD-5060E-OMTR132548-E6;John Deere 5060E/5070E/5080E/5078E/5090E Manual do Operador (OMTR132548 Ed. E6);;;pt;MANUTENCAO_PROGRAMADA;ARREFECIMENTO;LIMPAR;Limpe a grade frontal, o radiador, os resfriadores e o condensador do ar-condicionado (se equipado) — a cada 10 horas (ou diario, o que ocorrer primeiro).;HORIMETRO;10.0;h;OU_CALENDARIO:DIARIO;[Diariamente ou a Cada 10 Horas de Operação / Combustível, Admissão de Ar, Exaustão e Arrefecimento.] Limpe a grade frontal, o radiador, os resfriadores e o condensador do ar- / -condicionado (se equipado).;166;MEDIA;;
JD-5060E-OMTR132548-E6;John Deere 5060E/5070E/5080E/5078E/5090E Manual do Operador (OMTR132548 Ed. E6);;;pt;MANUTENCAO_PROGRAMADA;TREM_ACIONAMENTO;VERIFICAR;"Verifique o nível de óleo da redução final do eixo dianteiro — a cada 10 horas (ou diario + nota b/c:b: se o trator operar em condições de umidade ou lama.; c: somente para tratores com tração nas quatro rodas (4wd)., o que ocorrer primeiro).";HORIMETRO;10.0;h;"OU_CALENDARIO:DIARIO + NOTA_b/c:b: Se o trator operar em condições de umidade ou lama.; c: Somente para tratores com tração nas quatro rodas (4WD).";[Diariamente ou a Cada 10 Horas de Operação / Trem de acionamento] Verifique o nível de óleo da redução final do eixo dianteiro.bc;166;MEDIA;;
JD-5060E-OMTR132548-E6;John Deere 5060E/5070E/5080E/5078E/5090E Manual do Operador (OMTR132548 Ed. E6);;;pt;MANUTENCAO_PROGRAMADA;TREM_ACIONAMENTO;VERIFICAR;"Verifique o nível de óleo do diferencial do eixo dianteiro — a cada 10 horas (ou diario + nota b/c:b: se o trator operar em condições de umidade ou lama.; c: somente para tratores com tração nas quatro rodas (4wd)., o que ocorrer primeiro).";HORIMETRO;10.0;h;"OU_CALENDARIO:DIARIO + NOTA_b/c:b: Se o trator operar em condições de umidade ou lama.; c: Somente para tratores com tração nas quatro rodas (4WD).";[Diariamente ou a Cada 10 Horas de Operação / Trem de acionamento] Verifique o nível de óleo do diferencial do eixo dianteiro.bc;166;MEDIA;;
JD-5060E-OMTR132548-E6;John Deere 5060E/5070E/5080E/5078E/5090E Manual do Operador (OMTR132548 Ed. E6);;;pt;MANUTENCAO_PROGRAMADA;TREM_ACIONAMENTO;VERIFICAR;Verifique a folga do pedal da embreagem — a cada 10 horas (ou diario + nota d:d: somente transmissão sincronizada do eixo superior., o que ocorrer primeiro).;HORIMETRO;10.0;h;OU_CALENDARIO:DIARIO + NOTA_d:d: Somente Transmissão Sincronizada do Eixo Superior.;[Diariamente ou a Cada 10 Horas de Operação / Trem de acionamento] Verifique a folga do pedal da embreagem. d;166;MEDIA;;
JD-5060E-OMTR132548-E6;John Deere 5060E/5070E/5080E/5078E/5090E Manual do Operador (OMTR132548 Ed. E6);;;pt;MANUTENCAO_PROGRAMADA;TREM_ACIONAMENTO;LUBRIFICAR;Lubrifique o eixo da TDP — a cada 10 horas (ou diario + nota b:b: se o trator operar em condições de umidade ou lama., o que ocorrer primeiro).;HORIMETRO;10.0;h;OU_CALENDARIO:DIARIO + NOTA_b:b: Se o trator operar em condições de umidade ou lama.;[Diariamente ou a Cada 10 Horas de Operação / Trem de acionamento] Lubrifique o eixo da TDP.b;166;MEDIA;;
JD-5060E-OMTR132548-E6;John Deere 5060E/5070E/5080E/5078E/5090E Manual do Operador (OMTR132548 Ed. E6);;;pt;MANUTENCAO_PROGRAMADA;TREM_ACIONAMENTO;LUBRIFICAR;Lubrifique o eixo traseiro — a cada 10 horas (ou diario + nota b:b: se o trator operar em condições de umidade ou lama., o que ocorrer primeiro).;HORIMETRO;10.0;h;OU_CALENDARIO:DIARIO + NOTA_b:b: Se o trator operar em condições de umidade ou lama.;[Diariamente ou a Cada 10 Horas de Operação / Trem de acionamento] Lubrifique o eixo traseiro.b;167;MEDIA;;
JD-5060E-OMTR132548-E6;John Deere 5060E/5070E/5080E/5078E/5090E Manual do Operador (OMTR132548 Ed. E6);;;pt;MANUTENCAO_PROGRAMADA;TREM_ACIONAMENTO;LUBRIFICAR;Lubrifique o eixo dianteiro — a cada 10 horas (ou diario + nota b:b: se o trator operar em condições de umidade ou lama., o que ocorrer primeiro).;HORIMETRO;10.0;h;OU_CALENDARIO:DIARIO + NOTA_b:b: Se o trator operar em condições de umidade ou lama.;[Diariamente ou a Cada 10 Horas de Operação / Trem de acionamento] Lubrifique o eixo dianteiro.b;167;MEDIA;;
JD-5060E-OMTR132548-E6;John Deere 5060E/5070E/5080E/5078E/5090E Manual do Operador (OMTR132548 Ed. E6);;;pt;MANUTENCAO_PROGRAMADA;HIDRAULICO;VERIFICAR;Verifique o nível de óleo de transmissão/sistema hidráulico — a cada 10 horas (ou diario + nota b:b: se o trator operar em condições de umidade ou lama., o que ocorrer primeiro).;HORIMETRO;10.0;h;OU_CALENDARIO:DIARIO + NOTA_b:b: Se o trator operar em condições de umidade ou lama.;[Diariamente ou a Cada 10 Horas de Operação / Sistema Hidráulico] Verifique o nível de óleo de transmissão/sistema hidráulico.b;167;MEDIA;;
JD-5060E-OMTR132548-E6;John Deere 5060E/5070E/5080E/5078E/5090E Manual do Operador (OMTR132548 Ed. E6);;;pt;MANUTENCAO_PROGRAMADA;RODANTE_PNEUS;VERIFICAR;Verifique a condição dos pneus e da pressão de calibração — a cada 10 horas (ou diario, o que ocorrer primeiro).;HORIMETRO;10.0;h;OU_CALENDARIO:DIARIO;[Diariamente ou a Cada 10 Horas de Operação / Rodas e Peças de Fixação] Verifique a condição dos pneus e da pressão de calibração.;167;MEDIA;;
JD-5060E-OMTR132548-E6;John Deere 5060E/5070E/5080E/5078E/5090E Manual do Operador (OMTR132548 Ed. E6);;;pt;MANUTENCAO_PROGRAMADA;RODANTE_PNEUS;LUBRIFICAR;Lubrifique o engate traseiro de três pontos (se equipado) — a cada 10 horas (ou diario + nota b:b: se o trator operar em condições de umidade ou lama., o que ocorrer primeiro).;HORIMETRO;10.0;h;OU_CALENDARIO:DIARIO + NOTA_b:b: Se o trator operar em condições de umidade ou lama.;[Diariamente ou a Cada 10 Horas de Operação / Rodas e Peças de Fixação] Lubrifique o engate traseiro de três pontos (se equipado).b;167;MEDIA;;
JD-5060E-OMTR132548-E6;John Deere 5060E/5070E/5080E/5078E/5090E Manual do Operador (OMTR132548 Ed. E6);;;pt;MANUTENCAO_PROGRAMADA;ARREFECIMENTO;LIMPAR;Limpe a válvula de descarga de pó — a cada 50 horas (ou semanal, o que ocorrer primeiro).;HORIMETRO;50.0;h;OU_CALENDARIO:SEMANAL;[Semanalmente ou a Cada 50 Horas / Combustível, Admissão de Ar, Exaustão e Arrefecimento] Limpe a válvula de descarga de pó.;167;MEDIA;;
JD-5060E-OMTR132548-E6;John Deere 5060E/5070E/5080E/5078E/5090E Manual do Operador (OMTR132548 Ed. E6);;;pt;MANUTENCAO_PROGRAMADA;TREM_ACIONAMENTO;LUBRIFICAR;Lubrifique o eixo dianteiro — a cada 50 horas (ou semanal, o que ocorrer primeiro).;HORIMETRO;50.0;h;OU_CALENDARIO:SEMANAL;[Semanalmente ou a Cada 50 Horas / Trem de acionamento] Lubrifique o eixo dianteiro.;167;MEDIA;;
JD-5060E-OMTR132548-E6;John Deere 5060E/5070E/5080E/5078E/5090E Manual do Operador (OMTR132548 Ed. E6);;;pt;MANUTENCAO_PROGRAMADA;MOTOR;TROCAR;Troque o óleo do motor e substitua o filtro de óleo do motor — a cada 125 horas.;HORIMETRO;125.0;h;NOTA_e:e: Diesel com enxofre 5.000-10.000 ppm e óleos como John Deere Torq-Gard.;[A Cada 125 Horas / Motor] Troque o óleo do motor e substitua o filtro de óleo do motor.e;167;MEDIA;;
JD-5060E-OMTR132548-E6;John Deere 5060E/5070E/5080E/5078E/5090E Manual do Operador (OMTR132548 Ed. E6);;;pt;MANUTENCAO_PROGRAMADA;ARREFECIMENTO;DRENAR;Drene a água e sedimentos do tanque de combustível — a cada 200 horas (ou mensal, o que ocorrer primeiro).;HORIMETRO;200.0;h;OU_CALENDARIO:MENSAL;[Mensalmente ou a Cada 200 Horas de Operação / Combustível, Admissão de Ar, Exaustão e Arrefecimento] Drene a água e sedimentos do tanque de combustível.;167;MEDIA;;
JD-5060E-OMTR132548-E6;John Deere 5060E/5070E/5080E/5078E/5090E Manual do Operador (OMTR132548 Ed. E6);;;pt;MANUTENCAO_PROGRAMADA;TREM_ACIONAMENTO;VERIFICAR;Verifique o nível de óleo da redução final do eixo dianteiro — a cada 200 horas (ou mensal + nota c:c: somente para tratores com tração nas quatro rodas (4wd)., o que ocorrer primeiro).;HORIMETRO;200.0;h;OU_CALENDARIO:MENSAL + NOTA_c:c: Somente para tratores com tração nas quatro rodas (4WD).;[Mensalmente ou a Cada 200 Horas de Operação / Trem de acionamento] Verifique o nível de óleo da redução final do eixo dianteiro.c;167;MEDIA;;
JD-5060E-OMTR132548-E6;John Deere 5060E/5070E/5080E/5078E/5090E Manual do Operador (OMTR132548 Ed. E6);;;pt;MANUTENCAO_PROGRAMADA;TREM_ACIONAMENTO;VERIFICAR;Verifique o nível de óleo do diferencial do eixo dianteiro — a cada 200 horas (ou mensal + nota c:c: somente para tratores com tração nas quatro rodas (4wd)., o que ocorrer primeiro).;HORIMETRO;200.0;h;OU_CALENDARIO:MENSAL + NOTA_c:c: Somente para tratores com tração nas quatro rodas (4WD).;[Mensalmente ou a Cada 200 Horas de Operação / Trem de acionamento] Verifique o nível de óleo do diferencial do eixo dianteiro.c;167;MEDIA;;
JD-5060E-OMTR132548-E6;John Deere 5060E/5070E/5080E/5078E/5090E Manual do Operador (OMTR132548 Ed. E6);;;pt;MANUTENCAO_PROGRAMADA;TREM_ACIONAMENTO;LUBRIFICAR;Lubrifique o eixo da TDP — a cada 200 horas (ou mensal, o que ocorrer primeiro).;HORIMETRO;200.0;h;OU_CALENDARIO:MENSAL;[Mensalmente ou a Cada 200 Horas de Operação / Trem de acionamento] Lubrifique o eixo da TDP.;167;MEDIA;;
JD-5060E-OMTR132548-E6;John Deere 5060E/5070E/5080E/5078E/5090E Manual do Operador (OMTR132548 Ed. E6);;;pt;MANUTENCAO_PROGRAMADA;HIDRAULICO;VERIFICAR;Verifique o nível de óleo de transmissão/sistema hidráulico — a cada 200 horas (ou mensal, o que ocorrer primeiro).;HORIMETRO;200.0;h;OU_CALENDARIO:MENSAL;[Mensalmente ou a Cada 200 Horas de Operação / Sistema Hidráulico] Verifique o nível de óleo de transmissão/sistema hidráulico.;167;MEDIA;;
JD-5060E-OMTR132548-E6;John Deere 5060E/5070E/5080E/5078E/5090E Manual do Operador (OMTR132548 Ed. E6);;;pt;MANUTENCAO_PROGRAMADA;RODANTE_PNEUS;LUBRIFICAR;Lubrifique o engate traseiro de três pontos (se equipado) — a cada 200 horas (ou mensal, o que ocorrer primeiro).;HORIMETRO;200.0;h;OU_CALENDARIO:MENSAL;[Mensalmente ou a Cada 200 Horas de Operação / Rodas e Peças de Fixação] Lubrifique o engate traseiro de três pontos (se equipado).;167;MEDIA;;
JD-5060E-OMTR132548-E6;John Deere 5060E/5070E/5080E/5078E/5090E Manual do Operador (OMTR132548 Ed. E6);;;pt;MANUTENCAO_PROGRAMADA;RODANTE_PNEUS;APERTAR;Aperte os parafusos e porcas da roda — a cada 200 horas (ou mensal, o que ocorrer primeiro).;HORIMETRO;200.0;h;OU_CALENDARIO:MENSAL;[Mensalmente ou a Cada 200 Horas de Operação / Rodas e Peças de Fixação] Aperte os parafusos e porcas da roda.;167;MEDIA;;
JD-5060E-OMTR132548-E6;John Deere 5060E/5070E/5080E/5078E/5090E Manual do Operador (OMTR132548 Ed. E6);;;pt;MANUTENCAO_PROGRAMADA;RODANTE_PNEUS;APERTAR;Aperte os parafusos do eixo dianteiro — a cada 200 horas (ou mensal + nota f:f: somente tratores com tração em duas rodas (2wd)., o que ocorrer primeiro).;HORIMETRO;200.0;h;OU_CALENDARIO:MENSAL + NOTA_f:f: Somente tratores com tração em duas rodas (2WD).;[Mensalmente ou a Cada 200 Horas de Operação / Rodas e Peças de Fixação] Aperte os parafusos do eixo dianteiro.f;167;MEDIA;;
JD-5060E-OMTR132548-E6;John Deere 5060E/5070E/5080E/5078E/5090E Manual do Operador (OMTR132548 Ed. E6);;;pt;MANUTENCAO_PROGRAMADA;MOTOR;TROCAR;Troque o óleo do motor e substitua o filtro de óleo do motor — a cada 250 horas.;HORIMETRO;250.0;h;"NOTA_g/h:g: Diesel com enxofre inferior a 5.000 ppm e óleos como John Deere Torq-Gard.; h: Diesel com enxofre 5.000-10.000 ppm e óleos Plus-50.";[A Cada 250 Horas de Operação / Motor] Troque o óleo do motor e substitua o filtro de óleo do motor.gh;167;MEDIA;;
JD-5060E-OMTR132548-E6;John Deere 5060E/5070E/5080E/5078E/5090E Manual do Operador (OMTR132548 Ed. E6);;;pt;MANUTENCAO_PROGRAMADA;ARREFECIMENTO;VERIFICAR;Verifique a correia do ventilador do motor — a cada 250 horas.;HORIMETRO;250.0;h;;[A Cada 250 Horas de Operação / Combustível, Admissão de Ar, Exaustão e Arrefecimento] Verifique a correia do ventilador do motor.;167;MEDIA;;
JD-5060E-OMTR132548-E6;John Deere 5060E/5070E/5080E/5078E/5090E Manual do Operador (OMTR132548 Ed. E6);;;pt;MANUTENCAO_PROGRAMADA;ARREFECIMENTO;SUBSTITUIR;Substitua o filtro em linha de combustível (se equipado) — a cada 250 horas.;HORIMETRO;250.0;h;;[A Cada 250 Horas de Operação / Combustível, Admissão de Ar, Exaustão e Arrefecimento] Substitua o filtro em linha de combustível (se equipado).;167;MEDIA;;
JD-5060E-OMTR132548-E6;John Deere 5060E/5070E/5080E/5078E/5090E Manual do Operador (OMTR132548 Ed. E6);;;pt;MANUTENCAO_PROGRAMADA;TREM_ACIONAMENTO;VERIFICAR;Verifique o sistema de partida em neutro — a cada 250 horas.;HORIMETRO;250.0;h;;[A Cada 250 Horas de Operação / Trem de acionamento] Verifique o sistema de partida em neutro.;167;MEDIA;;
JD-5060E-OMTR132548-E6;John Deere 5060E/5070E/5080E/5078E/5090E Manual do Operador (OMTR132548 Ed. E6);;;pt;MANUTENCAO_PROGRAMADA;TREM_ACIONAMENTO;VERIFICAR;Verifique o sistema de estacionamento da transmissão — a cada 250 horas.;HORIMETRO;250.0;h;;[A Cada 250 Horas de Operação / Trem de acionamento] Verifique o sistema de estacionamento da transmissão.;167;MEDIA;;
JD-5060E-OMTR132548-E6;John Deere 5060E/5070E/5080E/5078E/5090E Manual do Operador (OMTR132548 Ed. E6);;;pt;MANUTENCAO_PROGRAMADA;TREM_ACIONAMENTO;VERIFICAR;Verifique e ajuste a folga do pedal da embreagem — a cada 250 horas.;HORIMETRO;250.0;h;NOTA_d:d: Somente Transmissão Sincronizada do Eixo Superior.;[A Cada 250 Horas de Operação / Trem de acionamento] Verifique e ajuste a folga do pedal da embreagem. d;167;MEDIA;;
JD-5060E-OMTR132548-E6;John Deere 5060E/5070E/5080E/5078E/5090E Manual do Operador (OMTR132548 Ed. E6);;;pt;MANUTENCAO_PROGRAMADA;TREM_ACIONAMENTO;AJUSTAR;Ajuste o tirante da embreagem do eixo da TDP — a cada 250 horas.;HORIMETRO;250.0;h;NOTA_d:d: Somente Transmissão Sincronizada do Eixo Superior.;[A Cada 250 Horas de Operação / Trem de acionamento] Ajuste o tirante da embreagem do eixo da TDP. d;167;MEDIA;;
JD-5060E-OMTR132548-E6;John Deere 5060E/5070E/5080E/5078E/5090E Manual do Operador (OMTR132548 Ed. E6);;;pt;MANUTENCAO_PROGRAMADA;FREIOS;VERIFICAR;Verifique os freios hidráulicos — a cada 250 horas.;HORIMETRO;250.0;h;;[A Cada 250 Horas de Operação / Direção e Freios] Verifique os freios hidráulicos.;167;MEDIA;;
JD-5060E-OMTR132548-E6;John Deere 5060E/5070E/5080E/5078E/5090E Manual do Operador (OMTR132548 Ed. E6);;;pt;MANUTENCAO_PROGRAMADA;FREIOS;VERIFICAR;Verificação do Freio de Emergência (se equipado) — a cada 250 horas.;HORIMETRO;250.0;h;;[A Cada 250 Horas de Operação / Direção e Freios] Verificação do Freio de Emergência (se equipado).;167;MEDIA;;
JD-5060E-OMTR132548-E6;John Deere 5060E/5070E/5080E/5078E/5090E Manual do Operador (OMTR132548 Ed. E6);;;pt;MANUTENCAO_PROGRAMADA;RODANTE_PNEUS;LUBRIFICAR;Lubrifique os cubos das rodas do eixo dianteiro — a cada 250 horas.;HORIMETRO;250.0;h;NOTA_f:f: Somente tratores com tração em duas rodas (2WD).;[A Cada 250 Horas de Operação / Rodas e Peças de Fixação] Lubrifique os cubos das rodas do eixo dianteiro.f;167;MEDIA;;
JD-5060E-OMTR132548-E6;John Deere 5060E/5070E/5080E/5078E/5090E Manual do Operador (OMTR132548 Ed. E6);;;pt;MANUTENCAO_PROGRAMADA;CABINE_ESTRUTURA;SUBSTITUIR;Substitua os filtros de ar de recirculação da cabine — a cada 250 horas.;HORIMETRO;250.0;h;NOTA_i:i: Se equipado com filtros de carbono ativado.;[A Cada 250 Horas de Operação / Plataforma do Operador] Substitua os filtros de ar de recirculação da cabine.i;167;MEDIA;;
JD-5060E-OMTR132548-E6;John Deere 5060E/5070E/5080E/5078E/5090E Manual do Operador (OMTR132548 Ed. E6);;;pt;MANUTENCAO_PROGRAMADA;CABINE_ESTRUTURA;SUBSTITUIR;Substitua os filtros de ar fresco da cabine — a cada 250 horas.;HORIMETRO;250.0;h;NOTA_i:i: Se equipado com filtros de carbono ativado.;[A Cada 250 Horas de Operação / Plataforma do Operador] Substitua os filtros de ar fresco da cabine.i;167;MEDIA;;
JD-5060E-OMTR132548-E6;John Deere 5060E/5070E/5080E/5078E/5090E Manual do Operador (OMTR132548 Ed. E6);;;pt;MANUTENCAO_PROGRAMADA;RODANTE_PNEUS;VERIFICAR;Verifique os rolamentos da roda do eixo dianteirof Verificação do pino pivô do eixo dianteirof Verifique o pivô da direção do eixo dianteirof — a cada 400 horas.;HORIMETRO;400.0;h;;[A Cada 400 Horas de Operação / Rodas e Peças de Fixação] Verifique os rolamentos da roda do eixo dianteirof / Verificação do pino pivô do eixo dianteirof / Verifique o pivô da direção do eixo dianteirof;167;MEDIA;;
JD-5060E-OMTR132548-E6;John Deere 5060E/5070E/5080E/5078E/5090E Manual do Operador (OMTR132548 Ed. E6);;;pt;MANUTENCAO_PROGRAMADA;MOTOR;TROCAR;Troque o óleo do motor e substitua o filtro de óleo do motor — a cada 500 horas.;HORIMETRO;500.0;h;NOTA_j:j: Diesel com enxofre inferior a 5.000 ppm e óleos Plus-50.;[A Cada 500 Horas de Operação / Motor] Troque o óleo do motor e substitua o filtro de óleo do motor.j;167;MEDIA;;
JD-5060E-OMTR132548-E6;John Deere 5060E/5070E/5080E/5078E/5090E Manual do Operador (OMTR132548 Ed. E6);;;pt;MANUTENCAO_PROGRAMADA;ELETRICO;VERIFICAR;Verifique os cabos e pontos de aterramento — a cada 500 horas.;HORIMETRO;500.0;h;;[A Cada 500 Horas de Operação / Sistema Elétrico] Verifique os cabos e pontos de aterramento.;167;MEDIA;;
JD-5060E-OMTR132548-E6;John Deere 5060E/5070E/5080E/5078E/5090E Manual do Operador (OMTR132548 Ed. E6);;;pt;MANUTENCAO_PROGRAMADA;TREM_ACIONAMENTO;LUBRIFICAR;Lubrifique o eixo traseiro — a cada 500 horas.;HORIMETRO;500.0;h;;[A Cada 500 Horas de Operação / Trem de acionamento] Lubrifique o eixo traseiro.;167;MEDIA;;
JD-5060E-OMTR132548-E6;John Deere 5060E/5070E/5080E/5078E/5090E Manual do Operador (OMTR132548 Ed. E6);;;pt;MANUTENCAO_PROGRAMADA;MOTOR;VERIFICAR;Verifique a marcha lenta do motor — a cada 750 horas.;HORIMETRO;750.0;h;;[A Cada 750 Horas de Operação / Motor] Verifique a marcha lenta do motor.;167;MEDIA;;
JD-5060E-OMTR132548-E6;John Deere 5060E/5070E/5080E/5078E/5090E Manual do Operador (OMTR132548 Ed. E6);;;pt;MANUTENCAO_PROGRAMADA;ARREFECIMENTO;VERIFICAR;Verifique e aperte as mangueiras e as braçadeiras do sistema hidráulico, da entrada de ar e de arrefecimento — a cada 750 horas.;HORIMETRO;750.0;h;;[A Cada 750 Horas de Operação / Combustível, Admissão de Ar, Exaustão e Arrefecimento.] Verifique e aperte as mangueiras e as braçadeiras do sistema hidráulico, da / entrada de ar e de arrefecimento.;167;MEDIA;;
JD-5060E-OMTR132548-E6;John Deere 5060E/5070E/5080E/5078E/5090E Manual do Operador (OMTR132548 Ed. E6);;;pt;MANUTENCAO_PROGRAMADA;ARREFECIMENTO;LIMPAR;Limpe o respiro do tanque de combustível — a cada 750 horas.;HORIMETRO;750.0;h;;[A Cada 750 Horas de Operação / Combustível, Admissão de Ar, Exaustão e Arrefecimento.] Limpe o respiro do tanque de combustível.;167;MEDIA;;
JD-5060E-OMTR132548-E6;John Deere 5060E/5070E/5080E/5078E/5090E Manual do Operador (OMTR132548 Ed. E6);;;pt;MANUTENCAO_PROGRAMADA;TREM_ACIONAMENTO;TROCAR;Troque o óleo da redução final do eixo dianteiro — a cada 750 horas.;HORIMETRO;750.0;h;;[A Cada 750 Horas de Operação / Trem de acionamento] Troque o óleo da redução final do eixo dianteiro.;167;MEDIA;;
JD-5060E-OMTR132548-E6;John Deere 5060E/5070E/5080E/5078E/5090E Manual do Operador (OMTR132548 Ed. E6);;;pt;MANUTENCAO_PROGRAMADA;TREM_ACIONAMENTO;TROCAR;Troque o óleo do diferencial dianteiro — a cada 750 horas.;HORIMETRO;750.0;h;;[A Cada 750 Horas de Operação / Trem de acionamento] Troque o óleo do diferencial dianteiro.;167;MEDIA;;
JD-5060E-OMTR132548-E6;John Deere 5060E/5070E/5080E/5078E/5090E Manual do Operador (OMTR132548 Ed. E6);;;pt;MANUTENCAO_PROGRAMADA;HIDRAULICO;SUBSTITUIR;Substitua os filtros de óleo hidráulico/transmissão — a cada 750 horas.;HORIMETRO;750.0;h;;[A Cada 750 Horas de Operação / Sistema Hidráulico] Substitua os filtros de óleo hidráulico/transmissão.;167;MEDIA;;
JD-5060E-OMTR132548-E6;John Deere 5060E/5070E/5080E/5078E/5090E Manual do Operador (OMTR132548 Ed. E6);;;pt;MANUTENCAO_PROGRAMADA;CABINE_ESTRUTURA;VERIFICAR;Verificação do cinto de segurança — a cada 750 horas.;HORIMETRO;750.0;h;;[A Cada 750 Horas de Operação / Plataforma do Operador] Verificação do cinto de segurança.;167;MEDIA;;
JD-5060E-OMTR132548-E6;John Deere 5060E/5070E/5080E/5078E/5090E Manual do Operador (OMTR132548 Ed. E6);;;pt;MANUTENCAO_PROGRAMADA;ARREFECIMENTO;SUBSTITUIR;Substitua os filtros de ar do motor principal e secundário — anualmente (ou anual, o que ocorrer primeiro).;CALENDARIO;;;OU_CALENDARIO:ANUAL;[Anualmente / Combustível, Admissão de Ar, Exaustão e Arrefecimento] Substitua os filtros de ar do motor principal e secundário.;167;MEDIA;;
JD-5060E-OMTR132548-E6;John Deere 5060E/5070E/5080E/5078E/5090E Manual do Operador (OMTR132548 Ed. E6);;;pt;MANUTENCAO_PROGRAMADA;ARREFECIMENTO;SUBSTITUIR;Substitua o filtro em linha de combustível (se equipado) — anualmente (ou anual, o que ocorrer primeiro).;CALENDARIO;;;OU_CALENDARIO:ANUAL;[Anualmente / Combustível, Admissão de Ar, Exaustão e Arrefecimento] Substitua o filtro em linha de combustível (se equipado).;167;MEDIA;;
JD-5060E-OMTR132548-E6;John Deere 5060E/5070E/5080E/5078E/5090E Manual do Operador (OMTR132548 Ed. E6);;;pt;MANUTENCAO_PROGRAMADA;CABINE_ESTRUTURA;LUBRIFICAR;Lubrifique os trilhos-guia do assento do operador — anualmente (ou anual, o que ocorrer primeiro).;CALENDARIO;;;OU_CALENDARIO:ANUAL;[Anualmente / Plataforma do Operador] Lubrifique os trilhos-guia do assento do operador.;167;MEDIA;;
JD-5060E-OMTR132548-E6;John Deere 5060E/5070E/5080E/5078E/5090E Manual do Operador (OMTR132548 Ed. E6);;;pt;MANUTENCAO_PROGRAMADA;CABINE_ESTRUTURA;SUBSTITUIR;Substitua os filtros de ar de recirculação da cabine — anualmente (ou anual, o que ocorrer primeiro).;CALENDARIO;;;OU_CALENDARIO:ANUAL;[Anualmente / Plataforma do Operador] Substitua os filtros de ar de recirculação da cabine.;168;MEDIA;;
JD-5060E-OMTR132548-E6;John Deere 5060E/5070E/5080E/5078E/5090E Manual do Operador (OMTR132548 Ed. E6);;;pt;MANUTENCAO_PROGRAMADA;CABINE_ESTRUTURA;SUBSTITUIR;Substitua os filtros de ar fresco da cabine — anualmente (ou anual, o que ocorrer primeiro).;CALENDARIO;;;OU_CALENDARIO:ANUAL;[Anualmente / Plataforma do Operador] Substitua os filtros de ar fresco da cabine.;168;MEDIA;;
JD-5060E-OMTR132548-E6;John Deere 5060E/5070E/5080E/5078E/5090E Manual do Operador (OMTR132548 Ed. E6);;;pt;MANUTENCAO_PROGRAMADA;MOTOR;TESTAR;Teste os bicos injetores — a cada 1500 horas (ou 2 anos, o que ocorrer primeiro).;HORIMETRO;1500.0;h;OU_CALENDARIO:2_ANOS;[A Cada 2 Anos ou 1.500 Horas de Operação / Motor] Teste os bicos injetores.;168;MEDIA;;
JD-5060E-OMTR132548-E6;John Deere 5060E/5070E/5080E/5078E/5090E Manual do Operador (OMTR132548 Ed. E6);;;pt;MANUTENCAO_PROGRAMADA;MOTOR;AJUSTAR;Ajuste a folga entre as válvulas do motor — a cada 1500 horas (ou 2 anos, o que ocorrer primeiro).;HORIMETRO;1500.0;h;OU_CALENDARIO:2_ANOS;[A Cada 2 Anos ou 1.500 Horas de Operação / Motor] Ajuste a folga entre as válvulas do motor.;168;MEDIA;;
JD-5060E-OMTR132548-E6;John Deere 5060E/5070E/5080E/5078E/5090E Manual do Operador (OMTR132548 Ed. E6);;;pt;MANUTENCAO_PROGRAMADA;ARREFECIMENTO;VERIFICAR;Verifique o tensionador automático de correia do motor — Somente Tratores 5078E e 5090E — a cada 1500 horas (ou 2 anos, o que ocorrer primeiro).;HORIMETRO;1500.0;h;OU_CALENDARIO:2_ANOS;[A Cada 2 Anos ou 1.500 Horas de Operação / Combustível, Admissão de Ar, Exaustão e Arrefecimento] Verifique o tensionador automático de correia do motor — Somente Tratores / 5078E e 5090E.;168;MEDIA;;
JD-5060E-OMTR132548-E6;John Deere 5060E/5070E/5080E/5078E/5090E Manual do Operador (OMTR132548 Ed. E6);;;pt;MANUTENCAO_PROGRAMADA;HIDRAULICO;TROCAR;Troque o óleo da transmissão/sistema hidráulico — a cada 1500 horas (ou 2 anos, o que ocorrer primeiro).;HORIMETRO;1500.0;h;OU_CALENDARIO:2_ANOS;[A Cada 2 Anos ou 1.500 Horas de Operação / Sistema Hidráulico] Troque o óleo da transmissão/sistema hidráulico.;168;MEDIA;;
JD-5060E-OMTR132548-E6;John Deere 5060E/5070E/5080E/5078E/5090E Manual do Operador (OMTR132548 Ed. E6);;;pt;MANUTENCAO_PROGRAMADA;MOTOR;SUBSTITUIR;Substitua a termoválvula do motor — a cada 2000 horas (ou 2 anos + nota k:k: se o líquido de arrefecimento cool-gard ii ou cool-gard ii pg não for usado., o que ocorrer primeiro).;HORIMETRO;2000.0;h;OU_CALENDARIO:2_ANOS + NOTA_k:k: Se o líquido de arrefecimento Cool-Gard II ou Cool-Gard II PG NÃO for usado.;[A Cada 2 Anos ou 2.000 Horas de Operação / Motor] Substitua a termoválvula do motor.k;168;MEDIA;;
JD-5060E-OMTR132548-E6;John Deere 5060E/5070E/5080E/5078E/5090E Manual do Operador (OMTR132548 Ed. E6);;;pt;MANUTENCAO_PROGRAMADA;ARREFECIMENTO;TROCAR;Troque o separador de água — a cada 2000 horas (ou 2 anos, o que ocorrer primeiro).;HORIMETRO;2000.0;h;OU_CALENDARIO:2_ANOS;[A Cada 2 Anos ou 2.000 Horas de Operação / Combustível, Admissão de Ar, Exaustão e Arrefecimento] Troque o separador de água.;168;MEDIA;;
JD-5060E-OMTR132548-E6;John Deere 5060E/5070E/5080E/5078E/5090E Manual do Operador (OMTR132548 Ed. E6);;;pt;MANUTENCAO_PROGRAMADA;ARREFECIMENTO;TROCAR;Troque o líquido de arrefecimento do motor — a cada 2000 horas (ou 2 anos + nota k:k: se o líquido de arrefecimento cool-gard ii ou cool-gard ii pg não for usado., o que ocorrer primeiro).;HORIMETRO;2000.0;h;OU_CALENDARIO:2_ANOS + NOTA_k:k: Se o líquido de arrefecimento Cool-Gard II ou Cool-Gard II PG NÃO for usado.;[A Cada 2 Anos ou 2.000 Horas de Operação / Combustível, Admissão de Ar, Exaustão e Arrefecimento] Troque o líquido de arrefecimento do motor.k;168;MEDIA;;
JD-5060E-OMTR132548-E6;John Deere 5060E/5070E/5080E/5078E/5090E Manual do Operador (OMTR132548 Ed. E6);;;pt;MANUTENCAO_PROGRAMADA;MOTOR;SUBSTITUIR;Substitua a termoválvula do motor — a cada 6000 horas (ou 6 anos + nota l:l: se o líquido de arrefecimento cool-gard ii ou cool-gard ii pg for usado., o que ocorrer primeiro).;HORIMETRO;6000.0;h;OU_CALENDARIO:6_ANOS + NOTA_l:l: Se o líquido de arrefecimento Cool-Gard II ou Cool-Gard II PG for usado.;[A Cada 6 Anos ou 6.000 Horas de Operação / Motor] Substitua a termoválvula do motor.l;168;MEDIA;;
JD-5060E-OMTR132548-E6;John Deere 5060E/5070E/5080E/5078E/5090E Manual do Operador (OMTR132548 Ed. E6);;;pt;MANUTENCAO_PROGRAMADA;ARREFECIMENTO;TROCAR;Troque o líquido de arrefecimento do motor — a cada 6000 horas (ou 6 anos + nota l:l: se o líquido de arrefecimento cool-gard ii ou cool-gard ii pg for usado., o que ocorrer primeiro).;HORIMETRO;6000.0;h;OU_CALENDARIO:6_ANOS + NOTA_l:l: Se o líquido de arrefecimento Cool-Gard II ou Cool-Gard II PG for usado.;[A Cada 6 Anos ou 6.000 Horas de Operação / Combustível, Admissão de Ar, Exaustão e Arrefecimento] Troque o líquido de arrefecimento do motor.l;168;MEDIA;;
JD-5060E-OMTR132548-E6;John Deere 5060E/5070E/5080E/5078E/5090E Manual do Operador (OMTR132548 Ed. E6);;;pt;MANUTENCAO_PROGRAMADA;MOTOR;VERIFICAR;Verifique a temperatura de abertura da termoválvula — conforme necessário.;CONDICIONAL;;;;[Conforme Necessário / Motor] Verifique a temperatura de abertura da termoválvula.;168;MEDIA;;
JD-5060E-OMTR132548-E6;John Deere 5060E/5070E/5080E/5078E/5090E Manual do Operador (OMTR132548 Ed. E6);;;pt;MANUTENCAO_PROGRAMADA;MOTOR;TESTAR;Teste os bicos injetores — conforme necessário.;CONDICIONAL;;;;[Conforme Necessário / Motor] Teste os bicos injetores.;168;MEDIA;;
JD-5060E-OMTR132548-E6;John Deere 5060E/5070E/5080E/5078E/5090E Manual do Operador (OMTR132548 Ed. E6);;;pt;MANUTENCAO_PROGRAMADA;ARREFECIMENTO;DRENAR;Drene a água e os sedimentos dos filtros de combustível — conforme necessário.;CONDICIONAL;;;;[Conforme Necessário / Combustível, Admissão de Ar, Exaustão e Arrefecimento] Drene a água e os sedimentos dos filtros de combustível.;168;MEDIA;;
JD-5060E-OMTR132548-E6;John Deere 5060E/5070E/5080E/5078E/5090E Manual do Operador (OMTR132548 Ed. E6);;;pt;MANUTENCAO_PROGRAMADA;ARREFECIMENTO;DRENAR;Drene o sistema de combustível — conforme necessário.;CONDICIONAL;;;;[Conforme Necessário / Combustível, Admissão de Ar, Exaustão e Arrefecimento] Drene o sistema de combustível.;168;MEDIA;;
JD-5060E-OMTR132548-E6;John Deere 5060E/5070E/5080E/5078E/5090E Manual do Operador (OMTR132548 Ed. E6);;;pt;MANUTENCAO_PROGRAMADA;ARREFECIMENTO;SUBSTITUIR;Substitua os filtros de combustível — conforme necessário.;CONDICIONAL;;;;[Conforme Necessário / Combustível, Admissão de Ar, Exaustão e Arrefecimento] Substitua os filtros de combustível.;168;MEDIA;;
JD-5060E-OMTR132548-E6;John Deere 5060E/5070E/5080E/5078E/5090E Manual do Operador (OMTR132548 Ed. E6);;;pt;MANUTENCAO_PROGRAMADA;ARREFECIMENTO;VERIFICAR;Verifique o separador de água — conforme necessário.;CONDICIONAL;;;;[Conforme Necessário / Combustível, Admissão de Ar, Exaustão e Arrefecimento] Verifique o separador de água.;168;MEDIA;;
JD-5060E-OMTR132548-E6;John Deere 5060E/5070E/5080E/5078E/5090E Manual do Operador (OMTR132548 Ed. E6);;;pt;MANUTENCAO_PROGRAMADA;ARREFECIMENTO;LIMPAR;Limpe o filtro de ar do motor principal — conforme necessário.;CONDICIONAL;;;;[Conforme Necessário / Combustível, Admissão de Ar, Exaustão e Arrefecimento] Limpe o filtro de ar do motor principal.;168;MEDIA;;
JD-5060E-OMTR132548-E6;John Deere 5060E/5070E/5080E/5078E/5090E Manual do Operador (OMTR132548 Ed. E6);;;pt;MANUTENCAO_PROGRAMADA;ARREFECIMENTO;SUBSTITUIR;Substitua os filtros de ar do motor principal e secundário — conforme necessário.;CONDICIONAL;;;;[Conforme Necessário / Combustível, Admissão de Ar, Exaustão e Arrefecimento] Substitua os filtros de ar do motor principal e secundário.;168;MEDIA;;
JD-5060E-OMTR132548-E6;John Deere 5060E/5070E/5080E/5078E/5090E Manual do Operador (OMTR132548 Ed. E6);;;pt;MANUTENCAO_PROGRAMADA;ARREFECIMENTO;SUBSTITUIR;Substitua a correia do ventilador do motor — conforme necessário.;CONDICIONAL;;;;[Conforme Necessário / Combustível, Admissão de Ar, Exaustão e Arrefecimento] Substitua a correia do ventilador do motor.;168;MEDIA;;
JD-5060E-OMTR132548-E6;John Deere 5060E/5070E/5080E/5078E/5090E Manual do Operador (OMTR132548 Ed. E6);;;pt;MANUTENCAO_PROGRAMADA;ARREFECIMENTO;SUBSTITUIR;Substitua o tensionador automático de correia — somente Tratores 5078E e 5090E — conforme necessário.;CONDICIONAL;;;;[Conforme Necessário / Combustível, Admissão de Ar, Exaustão e Arrefecimento] Substitua o tensionador automático de correia — somente Tratores 5078E e / 5090E.;168;MEDIA;;
JD-5060E-OMTR132548-E6;John Deere 5060E/5070E/5080E/5078E/5090E Manual do Operador (OMTR132548 Ed. E6);;;pt;MANUTENCAO_PROGRAMADA;ARREFECIMENTO;SUBSTITUIR;Substitua o filtro em linha de combustível (se equipado) — conforme necessário.;CONDICIONAL;;;;[Conforme Necessário / Combustível, Admissão de Ar, Exaustão e Arrefecimento] Substitua o filtro em linha de combustível (se equipado).;168;MEDIA;;
JD-5060E-OMTR132548-E6;John Deere 5060E/5070E/5080E/5078E/5090E Manual do Operador (OMTR132548 Ed. E6);;;pt;MANUTENCAO_PROGRAMADA;ELETRICO;VERIFICAR;Faça manutenção da bateria — conforme necessário.;CONDICIONAL;;;;[Conforme Necessário / Sistema Elétrico] Faça manutenção da bateria.;168;MEDIA;;
JD-5060E-OMTR132548-E6;John Deere 5060E/5070E/5080E/5078E/5090E Manual do Operador (OMTR132548 Ed. E6);;;pt;MANUTENCAO_PROGRAMADA;ELETRICO;VERIFICAR;Carregue a bateria — conforme necessário.;CONDICIONAL;;;;[Conforme Necessário / Sistema Elétrico] Carregue a bateria.;168;MEDIA;;
JD-5060E-OMTR132548-E6;John Deere 5060E/5070E/5080E/5078E/5090E Manual do Operador (OMTR132548 Ed. E6);;;pt;MANUTENCAO_PROGRAMADA;ELETRICO;SUBSTITUIR;Substitua a bateria — conforme necessário.;CONDICIONAL;;;;[Conforme Necessário / Sistema Elétrico] Substitua a bateria.;168;MEDIA;;
JD-5060E-OMTR132548-E6;John Deere 5060E/5070E/5080E/5078E/5090E Manual do Operador (OMTR132548 Ed. E6);;;pt;MANUTENCAO_PROGRAMADA;ELETRICO;VERIFICAR;Fusíveis e relés — conforme necessário.;CONDICIONAL;;;;[Conforme Necessário / Sistema Elétrico] Fusíveis e relés.;168;MEDIA;;
JD-5060E-OMTR132548-E6;John Deere 5060E/5070E/5080E/5078E/5090E Manual do Operador (OMTR132548 Ed. E6);;;pt;MANUTENCAO_PROGRAMADA;ELETRICO;SUBSTITUIR;Substitua as lâmpadas dos faróis dianteiros — conforme necessário.;CONDICIONAL;;;;[Conforme Necessário / Sistema Elétrico] Substitua as lâmpadas dos faróis dianteiros.;168;MEDIA;;
JD-5060E-OMTR132548-E6;John Deere 5060E/5070E/5080E/5078E/5090E Manual do Operador (OMTR132548 Ed. E6);;;pt;MANUTENCAO_PROGRAMADA;ELETRICO;SUBSTITUIR;Substitua as lâmpadas das luzes de trabalho — conforme necessário.;CONDICIONAL;;;;[Conforme Necessário / Sistema Elétrico] Substitua as lâmpadas das luzes de trabalho.;168;MEDIA;;
JD-5060E-OMTR132548-E6;John Deere 5060E/5070E/5080E/5078E/5090E Manual do Operador (OMTR132548 Ed. E6);;;pt;MANUTENCAO_PROGRAMADA;ELETRICO;SUBSTITUIR;Substitua o conjunto de luz de trabalho — (luzes Premium, tratores com cabine apenas) — conforme necessário.;CONDICIONAL;;;;[Conforme Necessário / Sistema Elétrico] Substitua o conjunto de luz de trabalho — (luzes Premium, tratores com cabine / apenas).;168;MEDIA;;
JD-5060E-OMTR132548-E6;John Deere 5060E/5070E/5080E/5078E/5090E Manual do Operador (OMTR132548 Ed. E6);;;pt;MANUTENCAO_PROGRAMADA;ELETRICO;SUBSTITUIR;Substitua as lâmpadas das setas direcionais e pisca-alertas — conforme necessário.;CONDICIONAL;;;;[Conforme Necessário / Sistema Elétrico] Substitua as lâmpadas das setas direcionais e pisca-alertas.;168;MEDIA;;
JD-5060E-OMTR132548-E6;John Deere 5060E/5070E/5080E/5078E/5090E Manual do Operador (OMTR132548 Ed. E6);;;pt;MANUTENCAO_PROGRAMADA;ELETRICO;SUBSTITUIR;Substitua as lâmpadas das setas direcionais, pisca-alertas, luzes traseiras e luzes de freio — conforme necessário.;CONDICIONAL;;;;[Conforme Necessário / Sistema Elétrico] Substitua as lâmpadas das setas direcionais, pisca-alertas, luzes traseiras e / luzes de freio.;168;MEDIA;;
JD-5060E-OMTR132548-E6;John Deere 5060E/5070E/5080E/5078E/5090E Manual do Operador (OMTR132548 Ed. E6);;;pt;MANUTENCAO_PROGRAMADA;ELETRICO;AJUSTAR;Ajuste o Foco dos Faróis Dianteiros — conforme necessário.;CONDICIONAL;;;;[Conforme Necessário / Sistema Elétrico] Ajuste o Foco dos Faróis Dianteiros.;168;MEDIA;;
JD-5060E-OMTR132548-E6;John Deere 5060E/5070E/5080E/5078E/5090E Manual do Operador (OMTR132548 Ed. E6);;;pt;MANUTENCAO_PROGRAMADA;TREM_ACIONAMENTO;VERIFICAR;Verifique e ajuste a folga do pedal da embreagem — conforme necessário.;CONDICIONAL;;;NOTA_d:d: Somente Transmissão Sincronizada do Eixo Superior.;[Conforme Necessário / Trem de acionamento] Verifique e ajuste a folga do pedal da embreagem. d;168;MEDIA;;
JD-5060E-OMTR132548-E6;John Deere 5060E/5070E/5080E/5078E/5090E Manual do Operador (OMTR132548 Ed. E6);;;pt;MANUTENCAO_PROGRAMADA;FREIOS;VERIFICAR;Fazer a purga dos freios hidráulicos — conforme necessário.;CONDICIONAL;;;;[Conforme Necessário / Direção e Freios] Fazer a purga dos freios hidráulicos;168;MEDIA;;
JD-5060E-OMTR132548-E6;John Deere 5060E/5070E/5080E/5078E/5090E Manual do Operador (OMTR132548 Ed. E6);;;pt;MANUTENCAO_PROGRAMADA;RODANTE_PNEUS;VERIFICAR;Verifique a Estrutura de Proteção na Capotagem (EPC) — conforme necessário.;CONDICIONAL;;;;[Conforme Necessário / Rodas e Peças de Fixação] Verifique a Estrutura de Proteção na Capotagem (EPC).;168;MEDIA;;
JD-5060E-OMTR132548-E6;John Deere 5060E/5070E/5080E/5078E/5090E Manual do Operador (OMTR132548 Ed. E6);;;pt;MANUTENCAO_PROGRAMADA;RODANTE_PNEUS;LUBRIFICAR;Lubrifique os pontos de engraxamento — conforme necessário.;CONDICIONAL;;;;[Conforme Necessário / Rodas e Peças de Fixação] Lubrifique os pontos de engraxamento.;168;MEDIA;;
JD-CH950-OMCXT31163-B3;John Deere CH950/CH960 Manual do Operador (OMCXT31163 Ed. B3);;;pt;LIMIAR_OPERACIONAL_SENSOR;MOTOR;VERIFICAR;Temperatura do motor acima de 113 °C indica superaquecimento — parar e investigar.;TEMPERATURA_MOTOR;113.0;°C;;"verde: 64—112°C (147.2—233.6 F)
●Faixa de área vermelha: 113—116°C";60;CRITICA;;TEMP_MOTOR
JD-CH950-OMCXT31163-B3;John Deere CH950/CH960 Manual do Operador (OMCXT31163 Ed. B3);;;pt;LIMIAR_OPERACIONAL_SENSOR;HIDRAULICO;VERIFICAR;Temperatura do óleo hidráulico acima de 93 °C indica superaquecimento — parar e investigar.;TEMPERATURA_HIDRAULICO;93.0;°C;;"verde: -18°C—92°C (-0.4—197.6°F)
●Faixa de área vermelha: 93°C—102°C";60;CRITICA;;TEMP_HIDRAULICO
JD-CH950-OMCXT31163-B3;John Deere CH950/CH960 Manual do Operador (OMCXT31163 Ed. B3);;;pt;LIMIAR_OPERACIONAL_SENSOR;MOTOR;VERIFICAR;Carga do motor acima de 111% (zona vermelha) — reduzir carga imediatamente.;CARGA_MOTOR;111.0;%;;"verde: 35—100%
●Faixa de área amarela: 101—110%
●Faixa de área vermelha: 111—114%";60;CRITICA;;CARGA_MOTOR
JD-CH950-OMCXT31163-B3;John Deere CH950/CH960 Manual do Operador (OMCXT31163 Ed. B3);;;pt;LIMIAR_OPERACIONAL_SENSOR;MOTOR;VERIFICAR;Carga do motor entre 101% e 110% (zona amarela) — atenção, aproximando do limite.;CARGA_MOTOR;101.0;%;;"verde: 35—100%
●Faixa de área amarela: 101—110%
●Faixa de área vermelha: 111—114%";60;ALTA;;CARGA_MOTOR
JD-CH950-OMCXT31163-B3;John Deere CH950/CH960 Manual do Operador (OMCXT31163 Ed. B3);;;pt;LIMIAR_OPERACIONAL_SENSOR;MOTOR;VERIFICAR;Nível de combustível abaixo de 10% — reabastecer em breve.;NIVEL_COMBUSTIVEL;10.0;%;;"nível atingir 10% de
Visão Geral da Cabine e dos Controles da Colhedora de Cana-de-Açúcar
25-6

combustível restante";60;MEDIA;;
JD-CH950-OMCXT31163-B3;John Deere CH950/CH960 Manual do Operador (OMCXT31163 Ed. B3);;;pt;LIMIAR_OPERACIONAL_SENSOR;MOTOR;VERIFICAR;Nível de DEF (fluido de escapamento) abaixo de 10% — abastecer.;NIVEL_DEF;10.0;%;;"nível atinge 10%, o indicador de nível
pisca, o alerta soa e aparece uma mensagem que
indica que o nível de fluido está baixo.
●Quando o nível atinge 0%";60;ALTA;;
JD-CH950-OMCXT31163-B3;John Deere CH950/CH960 Manual do Operador (OMCXT31163 Ed. B3);;;pt;LIMIAR_OPERACIONAL_SENSOR;MOTOR;VERIFICAR;Nível de DEF em 0% — potência do motor fica limitada até reabastecer.;NIVEL_DEF;0.0;%;;"nível atinge 10%, o indicador de nível
pisca, o alerta soa e aparece uma mensagem que
indica que o nível de fluido está baixo.
●Quando o nível atinge 0%";60;CRITICA;;
JD-CH950-OMCXT31163-B3;John Deere CH950/CH960 Manual do Operador (OMCXT31163 Ed. B3);;;pt;LIMIAR_OPERACIONAL_SENSOR;CORTE_PROCESSAMENTO;VERIFICAR;Faixa normal de pressão do cortador de base: 0 a 250 bar.;PRESSAO_CORTADOR_BASE;250.0;bar;;"0—25.000 kPa
(0—250 bar)";60;MEDIA;;
JD-CH950-OMCXT31163-B3;John Deere CH950/CH960 Manual do Operador (OMCXT31163 Ed. B3);;;pt;LIMIAR_OPERACIONAL_SENSOR;MOTOR;VERIFICAR;Deixar o motor em marcha lenta de 3 a 5 minutos antes de aumentar rotação ou desligar.;TEMPO_MARCHA_LENTA;5.0;min;;marcha lenta de 3 a 5 minutos;155;BAIXA;;
JD-CH950-OMCXT31163-B3;John Deere CH950/CH960 Manual do Operador (OMCXT31163 Ed. B3);;;pt;LIMIAR_OPERACIONAL_SENSOR;MOTOR;VERIFICAR;Temperatura normal de operação do motor: 77 a 90 °C.;TEMPERATURA_MOTOR;90.0;°C;;temperatura normal de operação entre 77 e 90 °C;155;BAIXA;;TEMP_MOTOR
JD-5060E-OMTR132548-E6;John Deere 5060E/5070E/5080E/5078E/5090E Manual do Operador (OMTR132548 Ed. E6);;;pt;LIMIAR_OPERACIONAL_SENSOR;MOTOR;VERIFICAR;Termostato do motor: abertura inicial 80 a 84 °C (nominal 82 °C), totalmente aberto a 94 °C.;TEMPERATURA_MOTOR;94.0;°C;;"80 a 84 °C (175 a 182 °F)
94 °C";189;MEDIA;;TEMP_MOTOR
JD-5060E-OMTR132548-E6;John Deere 5060E/5070E/5080E/5078E/5090E Manual do Operador (OMTR132548 Ed. E6);;;pt;LIMIAR_OPERACIONAL_SENSOR;MOTOR;AJUSTAR;Acima de 1675 m de altitude, reduzir os intervalos de troca de óleo/filtro em 50%.;ALTITUDE;1675.0;m;REDUZ_INTERVALO_OLEO_50PCT;"●Uso de um filtro de óleo aprovado pela John
Deere.
Intervalos de Serviço do Filtro e do Óleo do Motor
Enxofre no
Combustível
Menos de 5000 mg/kg (5000 ppm)
Óleos Plus-50
500 horas de operação
Outros óleos
250 horas
Enxofre no
Combustível
5.000–10.000 mg/kg (5.000–10.000 ppm)
Óleos Plus-50
250 horas
Outros óleos
125 horas de operação
A análise do óleo pode estender o intervalo de serviço de “outro";161;MEDIA;;
JD-5060E-OMTR132548-E6;John Deere 5060E/5070E/5080E/5078E/5090E Manual do Operador (OMTR132548 Ed. E6);;;pt;LIMIAR_OPERACIONAL_SENSOR;MOTOR;VERIFICAR;Abaixo de 0 °C, usar combustível diesel formulado para inverno (menor ponto de turvação).;TEMPERATURA_AMBIENTE;0.0;°C;;"temperatura for inferior a 0 °C (32 °F), o
combustível para inverno";155;MEDIA;;TEMP_AMBIENTE
