eh_regra,tipo_regra,acao,componente,condicao,frequencia,limite,unidade,consequencia,criticidade,sensor_possivel,metrica_sensor,alerta_sugerido,evidencia_textual,page_number,signal_word_detected,raw_text,condicao_critica
True,seguranca,evitar atropelamentos,,atropelamento,,,,prevenção de acidentes,alta,,,,,5,,05-7 Evitar atropelamentos ao dar ré .....................,
True,seguranca,evitar,Linhas de Energia Elétricas,Evitar,,,,,alta,,,,,5,,05-8 Evitar Linhas de Energia Elétrica ...................,
True,seguranca,evitar,Eletricidade Estática,Reabastecer,,,,,alta,,,,,5,,05-10 Evitar Risco de Eletricidade Estática ao Reabastecer .......................................,
True,seguranca,evitar chamas,combustivel,seguranca,,,,prevenção de incêndio,alta,,,,,5,,05-10 Manusear combustível com segurança— evitar chamas .....................................,
True,seguranca,evitar contato,escape quente,evitar contato,,,,prevenção de queimaduras,alta,,,,Evitar contato com escape quente,5,,05-11 Evitar contato com escape quente .................,
True,manutencao,Remover,Tinta,Soldar ou Aquecer,,,,,media,,,,,5,,05-13 Remova a Tinta Antes de Soldar ou Aquecer ....,
True,seguranca,evitar abrir,Sistema de Injeção de Combustível de Alta Pressão,Evitar Abrir,,,,perigo,alta,,,,Evitar Abrir o Sistema de Injeção de Combustível de Alta Pressão,5,,05-14 Evitar Abrir o Sistema de Injeção de Combustível de Alta Pressão ....................,
True,manutencao,evitar,faca lateral,facas laterais,,,,,baixa,,,,,5,,10-4 Evitar Facas Laterais .................................,
True,manutencao,limpar a área de acúmulo de detritos,Área de Acúmulo de Detritos,Manutenção,,,,,media,,,,,5,,10-6 Limpar a Área de Acúmulo de Detritos .............,
True,manutencao,Evitar,Cortador de Base,Não,,,,,baixa,,,,,5,,10-6 Evitar o Cortador de Base ...........................,
True,manutencao,evitar movimento vertical do cortador de base,cortador de base,movimento vertical do cortador de base,,,,,baixa,,,,,5,,10-7 Evitar Movimento Vertical do Cortador de Base .................................................,
True,manutencao,Verificar,Nível de Óleo do Motor,,,,,,media,,,,,8,,35-4 Verificações Antes da Partida Verificar o Nível de Óleo do Motor ..................,
True,manutencao,Verificar,Nível de Óleo da Caixa de Engrenagens de Acionamento da Bomba,Nível de Óleo da Caixa de Engrenagens de Acionamento da Bomba,,,,,media,,,,Verificar o Nível de Óleo da Caixa de Engrenagens de Acionamento da Bomba,8,,40-1 Verificar o Nível de Óleo da Caixa de Engrenagens de Acionamento da Bomba ......,
True,manutencao,Verificar,Nível do Líquido de Arrefecimento do Motor,Motor,,,,,media,,,,,8,,40-1 Verificar o Nível do Líquido de Arrefecimento do Motor ............................................,
True,manutencao,Verificar,Lâminas,Há Lâminas Desgastadas ou Quebradas,,,,,media,,,,,8,,40-4 Verificar se Há Lâminas Desgastadas ou Quebradas ..........................................,
True,manutencao,Inspecionar,Parede da Lateral Flutuante do Divisor de Linha,Manutenção,,,,,media,,,,,8,,55-3 Inspecionar a Parede da Lateral Flutuante do Divisor de Linha ....................................,
True,manutencao,Verificar,Nível de Óleo do Motor,,,,,,media,,,,,10,,95-B-10 Verificar o Nível de Óleo do Motor ..............,
True,manutencao,Verificar,Nível do Líquido de Arrefecimento do Motor,Motor,,,,,media,,,,,10,,95-D-4 Verificar o Nível do Líquido de Arrefecimento do Motor .........................................,
True,manutencao,Verificar,Sistema de Admissão de Ar,Não especificada,,,,,media,,,,,10,,95-F-2 Verificar o Sistema de Admissão de Ar ..........,
True,manutencao,Verificar,Torque dos Parafusos da Corrente da Esteira,Corrente,,,,,media,,,,,10,,95-F-4 Verificar o Torque dos Parafusos da Corrente da Esteira .........................................,
True,manutencao,Ajustar,Esteira,Tensão da corrente,,,,,media,,,,,10,,95-F-4 Ajustar a Tensão da Corrente da Esteira ........,
True,manutencao,Verificar,Pressão de Pré-carga do Acumulador do Levante,Manutenção,,,,,media,,,,,11,,95-G-5 Verificar a Pressão de Pré-carga do Acumulador do Levante ........................,
True,manutencao,trocar,caixa de engrenagens de acionamento da bomba,trocar,,,,,media,,,,,11,,95-H-1 Trocar o Óleo da Caixa de Engrenagens de Acionamento da Bomba ........................,
True,manutencao,trocar,caixa de engrenagens,da caixa de engrenagens,,,,,media,,,,,11,,95-H-2 Trocar o Óleo da Caixa de Engrenagens do Picador ...........................................,
True,manutencao,Verificar,Pressão de Pré-Carga dos Acumuladores do Divisor de Linha,Apressão de Pré-Carga dos Acumuladores do Divisor de Linha,,,,,media,,,,,11,,95-H-4 Verificar a Pressão de Pré-Carga dos Acumuladores do Divisor de Linha ...........,
True,manutencao,Limpar,Injetores Eletrônicos do Motor,Não especificada,,,,,media,,,,,11,,95-J-1 Limpar os Injetores Eletrônicos do Motor ........,
True,manutencao,Limpar,Radiador e Resfriadores,Limpeza,,,,,media,,,,,11,,95-L-8 Limpar o Radiador e os Resfriadores ............,
True,manutencao,Verificar,Torque dos Parafusos da Corrente da Esteira,Corrente,,,,,media,,,,,12,,95-M-10 Verificar o Torque dos Parafusos da Corrente da Esteira .......................................,
True,manutencao,Ajustar,Tensão da Corrente da Esteira,,,,,,media,,,,,12,,105-2 Ajustar a Tensão da Corrente da Esteira .........,
True,seguranca,evitar chamas,combustivel,seguranca,,,,prevenção de incêndio,alta,,,,,12,,115-3 Manusear combustível com segurança— evitar chamas .....................................,
True,manutencao,limpeza,Máquina,Diária,,,,,media,,,,,12,,120-2 Limpeza da Máquina — Diária Limpar o Compartimento do Motor ..............,
True,manutencao,Limpar os Rolos Tombadores,Rolos Tombadores,,,,,,media,,,,,12,,120A-2 Limpar os Rolos Tombadores ....................,
True,seguranca,verificar,trabalhador,superfície,,,,,alta,,,,,15,CUIDADO,"CUIDADO: Antes de subir na máquina, verifique se ninguém está trabalhando acima ou abaixo dela.",
True,operacao,buzina,operador,todos os operadores,,,,,media,,,,,15,,Certifique-se que todos os operadores toquem a buzina várias vezes antes de ligar a máquina.,
True,seguranca,prevenção,equipamento,peso,,23 kg,kg,prevenção de acidentes pessoais,alta,,,,,16,,"Para evitar acidentes pessoais, utilize uma talha ao levantar componentes que pesem mais de 23 kg (50 lb.).",
True,manutencao,não substitui,,temperatura da peça,,,,,alta,,,,,16,,Nunca substitua uma peça de dureza mais baixa onde for utilizada uma peça temperada e nunca substitua uma peça de dureza mais alta onde for utilizada uma peça de dureza mais baixa.,
True,seguranca,verificar,fiação,"não encosta em peças quentes, cortantes ou em movimento",,,,,media,,,,,16,,"Verifique se a fiação não encosta em nenhuma peça quente, cortante ou em movimento após sua instalação.",
True,manutencao,verificar,transmissão hidrostática,neutro,,,,,media,,,,,16,,A transmissão hidrostática deve estar em neutro e o sistema de freios e todas as travas de segurança pertinentes devem estar acionados.,
True,seguranca,não deve ser realizada,máquina,em movimento,,,,perigo,alta,,,,,17,,Nunca lubrifique nem faça manutenção ou ajustes em uma máquina em movimento.,
True,seguranca,não dar partida,motor,motor,,,,perigo,alta,,,,,17,,NUNCA dê partida no motor estando fora do trator.,
True,seguranca,proibicao,crianças,pessoas sem formação operam,,,,proibição,alta,,,,,18,,●Nunca permita que crianças nem pessoal sem formação operem a máquina.,
True,seguranca,não opera,máquina,distraído,,,,,alta,,,,,18,,"●Nunca opere a máquina quando estiver distraído, cansado ou debilitado.",
True,seguranca,evitar quedas,degraus e apoios de mão,entrada e saída de frente para a máquina,,,,evitar quedas,media,,,,Usar degraus e apoios de mão corretamente,19,,Usar degraus e apoios de mão corretamente T133468—UN—15APR13 Evitar quedas entrando e saindo de frente para a máquina.,
True,seguranca,proibicao,colhedora,funcionamento do motor,,,,proibição,alta,,,,,19,,Crianças nunca devem ser permitidas na colhedora ou na cabine quando o motor estiver funcionando.,
True,seguranca,evitar chamas,combustivel,altamente inflamável,,,,prevenção de incêndio,alta,,,,,24,,Manusear combustível com segurança— evitar chamas TS202—UN—23AUG88 Manuseie o combustível com cautela: ele é altamente inflamável.,
True,seguranca,desligar_motor,máquina,desligamento,,,,prevenção_de_acidentes,media,,,,,24,,Sempre desligue o motor antes de reabastecer a máquina.,
True,seguranca,não abasteça,contentor de combustível,sobre uma caminhonete com caçamba revestida de plástico,,,,,alta,,,,,24,,Nunca abasteça o contentor de combustível sobre uma caminhonete com caçamba revestida de plástico.,
True,seguranca,colocar,contentor de combustível,no chão,,,,,baixa,,,,,24,,Sempre coloque o contentor de combustível no chão antes de reabastecer.,
True,seguranca,saida_da_area,colhedora,motor,,,,prevenção_de_lesoes,alta,,,,,24,,Todos devem sair da área da colhedora antes de ligar o motor.,
True,manutencao,retirar,removedor de tinta,soldar,,,,seguranca,media,,,,removedor de tinta,26,,"●Se usar solvente ou removedor de tinta, retire o removedor com água e sabão antes de soldar.",
True,seguranca,removicao,pele,algumas horas,horas,,,gangrena,alta,,,,spray de alta pressão injetado na pele,28,,Qualquer spray de alta pressão injetado na pele deve ser removido cirurgicamente dentro de algumas horas ou poderá resultar em gangrena.,
True,manutencao,limpeza,aspirador de pó,amianto,,,,,media,,,,,30,,Um aspirador de pó especial é recomendado para limpar amianto.,
True,seguranca,cuidado,martelo,para-brisa,,,,,alta,,,,,34,CUIDADO,CUIDADO: Não use o martelo no para-brisa e na janela traseira.,
True,seguranca,evitar_ferimentos_graves_ou_morte,Cilindro de Levante da Máquina,CUIDADO,,,,evitar_ferimentos_graves_ou_morte,alta,,,,CUIDADO: Evite ferimentos graves ou morte.,44,CUIDADO,Batente de Segurança do Cilindro de Levante da Máquina CUIDADO: Evite ferimentos graves ou morte.,
True,seguranca,removido,parte interna do bocal de abastecimento,bocal de abastecimento,,,,prevenção de vazamento,alta,,,,,46,,Não remova o filtro de tela da parte interna do bocal de abastecimento antes de abastecer o tanque de combustível.,
True,seguranca,CUIDADO,Acesso ao Corrimão e ao Para-brisa do Lado Direito,Evite ferimentos ou morte,,,,,alta,,,,,49,CUIDADO,Acesso ao Corrimão e ao Para-brisa do Lado Direito CUIDADO: Evite ferimentos ou morte.,
True,seguranca,detalhes,motor,desligamento,,,,danos aos componentes de limpeza da exaustão,alta,,,desligamento do motor,podem ocorrer danos aos componentes de limpeza da exaustão,60,IMPORTANTE,IMPORTANTE: Podem ocorrer danos aos componentes de limpeza da exaustão se o motor for desligado durante a limpeza do filtro de exaustão ou logo após a limpeza ser concluída.,
True,manutencao,desconectar,Desconexão para Transporte em Estrada,campo,,,,,media,,,,,65,,●A Desconexão para Transporte em Estrada deve estar na posição campo.,
True,operacao,motor,marcha lenta,motor,,,,,media,,,,,65,,●O motor deve estar operando em marcha lenta.,
True,seguranca,inspecao,cintos de segurança e peças de fixação de montagem,um ano,anual,,,,media,,,,,84,CUIDADO,CUIDADO: Inspecione os cintos de segurança de sua máquina e as peças de fixação de montagem pelo menos uma vez ao ano.,
True,seguranca,removicao,tampa,antes da furação,,,,,alta,,,,,86,IMPORTANTE,IMPORTANTE: A tampa no canto deve ser removida antes da furação.,
True,seguranca,evitar,marcha lenta,desnecessariamente,,,,,media,,,,,115,,●Evite operar desnecessariamente em marcha lenta.,
True,seguranca,verificar,Nível de Óleo do Motor,Evite danos ao motor,,,,Evitar danos ao motor,alta,,,,,150,IMPORTANTE,Verificar o Nível de Óleo do Motor IMPORTANTE: Evite danos ao motor.,
True,seguranca,verificar_nivel_de_oleo,motor,nível_de_oleo,,"(B,C)",marca,proibição de operação,alta,vareta de nível de óleo,nível de óleo,,Nível de óleo acima da marca (B) ou abaixo da marca (C) na vareta de nível de óleo (A).,150,,Nunca opere o motor se o nível de óleo estiver acima da marca (B) ou abaixo da marca (C) na vareta de nível de óleo (A).,
True,manutencao,verificar,nível de óleo da caixa de engrenagens de acionamento da bomba,Antes de dar partida no motor,,,,,media,,,,,150,,Sempre verifique o nível de óleo da caixa de engrenagens de acionamento da bomba antes de dar partida no motor.,
True,manutencao,verificar,nível,MÍN FRIO,,,,,media,,,,,151,,O nível deve na marca de MÍN FRIO (C) ou acima.,
True,seguranca,previne_perigo,motor,motor,,,,evita_danos,alta,,,não_ligar_motor_no_chao,,155,,Nunca tente ligar o motor estando no chão.,
True,seguranca,verificar,botão de marcha lenta,ativo,,,,,media,,,,,156,,7.Verifique se o botão de marcha lenta (C) e o botão do freio de estacionamento (D) estão ativos.,
True,manutencao,deixar,motor,marcha lenta,3 a 5 minutos,,,reduzindo rotação do motor,media,,,,,156,,9.Deixe o motor em marcha lenta de 3 a 5 minutos antes de aumentar a rotação do motor.,
True,seguranca,importante,,bateria auxiliar com a mesma classificação de tensão,,,,,alta,,,,,157,IMPORTANTE,IMPORTANTE: Use apenas uma bateria auxiliar com a mesma classificação de tensão.,
True,manutencao,funcionar,motor,marcha lenta,3 a 5 minutos,,,desligamento,media,,,,,157,,Deixe o motor funcionar em marcha lenta por 3 a 5 minutos antes de desligá-lo.,
True,seguranca,verificar,legislação e regulamentos locais aplicáveis a equipamentos agrícolas,Condução ou Transporte da Colhedora em Rodovias Públicas Antes de dirigir em rodovias públicas,,,,,media,,,,,158,,"Condução ou Transporte da Colhedora em Rodovias Públicas Antes de dirigir em rodovias públicas, verifique a legislação e os regulamentos locais aplicáveis a equipamentos agrícolas.",
True,operacao,diminuir_velocidade,,,,,,,media,,,,,158,,5.Diminua a velocidade antes de fazer curvas.,
True,seguranca,cuidado,,declives ou aclives,,,,,media,,,,,158,CUIDADO,9.Tome cuidado ao dirigir em declives ou aclives.,
True,manutencao,desempenho,motor,marcha lenta,3 a 5 minutos,,,prevenção de danos,media,,,,,160,,Deixe o motor funcionar em marcha lenta sem carga por cerca de 3 a 5 minutos antes de parar para evitar danos ao turbocompressor.,
True,manutencao,aplicar,roscas,antes de instalar,,,,,media,,,,,167,,Aplique Araldite nas roscas das porcas antes de instalar.,
True,manutencao,inspecionar,lâminas,operacao,100 horas,,,,media,,,,,172,,●Inspecione as lâminas a cada 100 horas de operação.,
True,seguranca,verificar_posicao,elevador,posição_para_cima,,,,,alta,,,,,173,IMPORTANTE,IMPORTANTE: O elevador deve estar na posição PARA CIMA antes de girar e posicionado diretamente atrás da máquina antes de abaixar.,
True,manutencao,limpeza,piso do elevador,sujeira e detritos,,,,eficiência da limpeza,media,,,,,174,,"2.O piso do elevador deve estar sempre livre de sujeira e detritos, pois isto pode prejudicar a eficiência da limpeza.",
True,manutencao,inspeção,correntes,elos soltos ou danificados,diariamente,,,,media,,,,,174,,5.As correntes devem ser inspecionadas diariamente para verificar se possuem elos soltos ou danificados.,
True,seguranca,verificar,área do elevador,todos os funcionários e ferramentas foram removidos,,,,,alta,,,,,175,,Verifique se todos os funcionários e ferramentas foram removidos da área do elevador antes de testar a operação do elevador.,
True,seguranca,verificar,área do elevador,todos os funcionários e ferramentas foram removidos,,,,,alta,,,,,176,,Verifique se todos os funcionários e ferramentas foram removidos da área do elevador antes de testar a operação do elevador.,
True,manutencao,substituir,lâminas,desgastadas,,,,desgaste,media,,,,,176,,As lâminas sempre devem ser substituídas antes de ficarem muito desgastadas (A).,
True,manutencao,limpar,proteções,sugestão de limpeza,regularmente,,,,media,,,,,176,,A sujeira acumulada (B) nas proteções deve ser limpa regularmente.,
True,manutencao,limitar a alta rotação do motor,colhedora,consumo de combustível,,alta rotação,,reduzir o consumo de combustível,media,,,,,183,,Para reduzir o consumo de combustível e o desgaste da colhedora: ●O ponto de ajuste de aceleração alta deve ser usado para limitar a alta rotação do motor.,
True,manutencao,elevar,colhedora,fim de linha,,,,prevenção de danos,alta,,,,,184,,4.Sempre eleve os divisores de linha quando estiver próximo ao fim de uma linha para evitar danificar a colhedora.,
True,manutencao,minimizar,linhas esmagadas,abertura,,,,reduzir,media,,,,,188,,"Primeiro, o número de linhas esmagadas durante a abertura deve ser minimizado.",
True,seguranca,proibicao,velocidade,maior_que,,2 km/h,km/h,proibicao,alta,,,,,205,,●Nunca reboque em velocidade acima de 2 km/h (1 mph).,
True,manutencao,manter_pressao,freios,freios livres,,2000 kPa (20 bar),kPa,liberdade de freio,alta,,,,,205,,"Para que os freios permaneçam livres durante o reboque, deve ser mantida uma pressão de 2000 kPa (20 bar) (300 psi).",
True,seguranca,proibicao,combustivel diesel, teor de enxofre > 10.000 mg/kg,,10.000 mg/kg,mg/kg,proibicao de uso,alta,,,Proibir uso de combustível diesel com teor de enxofre superior a 10.000 mg/kg.,NÃO utilize combustível diesel com teor de enxofre superior a 10.000 mg/kg.,207,,NÃO utilize combustível diesel com teor de enxofre superior a 10.000 mg/kg (10.000 ppm).,
True,combustivel,verificar,Combustível,Mistura de combustível diesel e etanol,,,,Não é permitido,alta,,,,Combustível E-Diesel NÃO use E-Diesel (mistura de combustível diesel e etanol),207,,Combustível E-Diesel NÃO use E-Diesel (mistura de combustível diesel e etanol).,
True,seguranca,anula garantia,combustivel,E-Diesel,,,,anulação da garantia,alta,,,,,207,,O uso de combustível E-Diesel em qualquer máquina John Deere pode anular a garantia da máquina.,
True,seguranca,consultar,concessionario,combustivel diesel,,2000 mg/kg,mg/kg,,,,,consultar,concessionario John Deere,207,,"●ANTES de usar combustível diesel com teor de enxofre superior a 2000 mg/kg (2000 ppm), consulte seu concessionário John Deere.",alta
True,seguranca,não misturar,óleo do motor,combustível diesel usado,,,,prevenção de vazamentos e danos,alta,,,não misturar,IMPORTANTE,207,IMPORTANTE,IMPORTANTE: Não misture óleo do motor a diesel usado ou qualquer outro tipo de óleo lubrificante com combustível diesel.,
True,manutencao,verificar,nível de óleo do motor,diariamente,diaria,,,,media,,,,,209,,Verifique diariamente o nível de óleo do motor antes de ligá-lo.,
True,seguranca,verificar,combustivel,inverno,,,,,media,,,,,210,,Verificar o tipo de combustível usado antes de procurar problemas de baixa potência em operações no inverno.,
True,seguranca,cuidado,éter,altamente inflamável,,,,perigo,alta,,,cuidado,CUIDADO: O éter é altamente inflamável.,210,CUIDADO,CUIDADO: O éter é altamente inflamável.,
True,seguranca,temperatura,temperatura externa,temperatura < 0 °C (32 °F),,0 °C (32 °F),°C,prevenção de danos,alta,,temperatura externa,Atenção,Importante: Trate o combustível quando a temperatura externa for inferior a 0 °C (32 °F).,210,IMPORTANTE,IMPORTANTE: Trate o combustível quando a temperatura externa for inferior a 0 °C (32 °F).,
True,seguranca,tratamento,diesel combustível,temperatura,,5 °C,°C,proteção contra congelamento,alta,,,,5 °C (41 °F),211,,Protect Diesel Fuel (fórmula de inverno) ou equivalente a 5 °C (41 °F) para tratar biodiesel durante o inverno.,
True,combustivel,combustivel,diesel,temperaturas abaixo de -10 ° C (14 °F),,,,,alta,,,,,211,,Use somente combustível diesel de petróleo para inverno a temperaturas abaixo de -10 ° C (14 °F).,
True,manutencao,manter aberto,grade,área,,25%,porcentagem,sempre aberta,media,,,,,211,,25% de área no centro da grade deve permanecer sempre aberta.,
True,manutencao,arrefecimento atingir 93°C (200°F),coletor de admissão,93°C (200°F),,93°C (200°F),°C,evitar aquecimento excessivo do coletor de admissão,alta,,temperatura,,,211,,de arrefecimento atingir 93°C (200°F) para evitar aquecimento excessivo do coletor de admissão.,
True,manutencao,substituir,filtros,especificado neste manual,,,,,media,,,,,215,,Substituir sempre os filtros regularmente conforme especificado neste manual.,
True,seguranca,não utilize combustível diesel com teor de enxofre superior a 10.000 mg/kg (10.000 ppm),combustivel diesel,teor de enxofre,,10.000 mg/kg,mg/kg,perigo,alta,,,Não utilize combustível diesel com teor de enxofre superior a 10.000 mg/kg (10.000 ppm),IMPORTANTE,219,IMPORTANTE,IMPORTANTE: NÃO utilize combustível diesel com teor de enxofre superior a 10.000 mg/kg (10.000 ppm).,
True,seguranca,recomenda,combustível diesel, teor de enxofre,,1000 mg/kg,mg/kg,reduz o óleo e filtro de intervalo de troca,media,,,,,219,,"●RECOMENDA-SE uso de combustível diesel com teor de enxofre inferior a 1000 mg/kg (1000 ppm) ●Uso de combustível diesel com teor de enxofre entre 1000 — 2000 mg/kg (1000 — 2000 ppm) reduz o óleo e filtro de intervalo de troca Combustíveis, Lubrificantes e Líquido de Arrefecimento — Motor Tier 3 Estágio IIIA 80A-2",
True,seguranca,reabastecimento,tanque de DEF,cuidado razoável,,,,,media,,,,,222,CUIDADO,Deve-se tomar o cuidado razoável ao reabastecer o tanque de DEF.,
True,manutencao,vedação,reservatórios de armazenamento de DEF,evaporação e contaminação,,,,prevenção de vazamentos,media,,,,,222,,Os reservatórios de armazenamento de DEF devem ser vedados entre os usos para evitar evaporação e contaminação.,
True,manutencao,inspeção,DEF,cristalino,,,,,media,,,,,223,,O DEF deve estar cristalino e com um cheiro leve de amônia.,
True,seguranca,verificar,concentração do DEF,armazenamento prolongado ou suspeita de contaminação com água,,,,,alta,,,,,223,,A concentração do DEF deve ser verificada quando o motor esteve armazenado por período prolongado ou houver suspeita de que o motor ou o fluido DEF armazenado foi contaminado com água.,
True,outro,extrair_informacao,óleo de motor diesel,multi-viscosidade,,,,,media,,,,,223,,São preferíveis óleos de motor diesel de multi- -viscosidade.,
True,seguranca,proibicao,motor,amaciamento inicial,,,,prevenção de danos,alta,,,proibicao de uso de óleo,Não use nenhum outro óleo do motor durante o período de amaciamento inicial de um motor novo ou recondicionado.,225,IMPORTANTE,IMPORTANTE: Não use nenhum outro óleo do motor durante o período de amaciamento inicial de um motor novo ou recondicionado.,
True,manutencao,Verificar,acumuladores de elevação,Pressão de pré-carga,,,Pascal,,media,,,,,235,,X Verifique a pressão de pré- -carga dos acumuladores de elevação.,
True,manutencao,Verificar,acumuladores do divisor de linha,Pressão de pré-carga,,,,,media,,,,,235,,X Verifique a pressão de pré- -carga dos acumuladores do divisor de linha.,
True,manutencao,troca de fluido,escape de veículos a diesel,DEF,,,litros,manutenção,media,,,,Troque fluido para escapamento de veículos a diesel para o filtro da unidade de dosagem de DEF.,235,,X Troque fluido para escapamento de veículos a diesel (DEF) para o filtro da unidade de dosagem de DEF.,
True,manutencao,Verificar,acumulador do elevador,Pressão de pré-carga,,,,,media,,,,,236,,X Verifique a pressão de pré- -carga do acumulador do elevador.,
True,manutencao,Verificar,acumulador do cortador de pontas,pressão de pré- -carga,,,,,media,,,,,236,,X Verifique a pressão de pré- -carga do acumulador do cortador de pontas.,
True,seguranca,evitar,motor,períodos prolongados de marcha lenta ou operação com carga máxima,,,,prevenção de danos,media,,,,,237,,Evite períodos prolongados de motor em marcha lenta ou de operação com carga máxima.,
True,seguranca,desligar,motor,marcha lenta,,,,seguranca,alta,,,,,237,,"Se o motor funcionar por mais de 5 minutos em marcha lenta, desligue-o.",
True,seguranca,não abrir,,motor quente,,,,prevenção de queimaduras,alta,,,,,238,,Nunca abra a tampa quando o motor estiver quente.,
True,manutencao,Verificação do Nível do Óleo do Motor,Cárter do Motor,A cada 25 horas ou diariamente,Diariamente,,,,media,,,,,245,,(Consulte Verificação do Nível do Óleo do Motor em Manutenção—A Cada 25 Horas ou Diariamente.) Especificação Cárter do Motor—Capacidade.,
True,manutencao,verificar_nivel_do_olio,motor,10 minutos,,,,,media,,,,,245,,Pare o motor e verifique o nível do óleo após 10 minutos.,
True,outro,limpar,Máquina,ambientes com muita poeira,diariamente,,,,alta,,,,,247,IMPORTANTE,"Limpe a Máquina IMPORTANTE: Em ambientes com muita poeira, verifique diariamente.",
True,manutencao,inspecionar,Lâminas do Cortador de Pontas (A),danos e desgaste,,,,,media,,,,,247,,Inspecione as Lâminas do Cortador de Pontas (A) para verificar se há danos e desgaste.,
True,manutencao,manutencao,Operação,Horas de Operação ou Diariamente 95-B-3,25 horas,,,,media,,,,,248,,Manutenção — A Cada 25 Horas de Operação ou Diariamente 95-B-3,
True,manutencao,manutencao,Operação,Horas de Operação ou Diariamente 95-B-5,25 horas,,,,media,,,,,250,,Manutenção — A Cada 25 Horas de Operação ou Diariamente 95-B-5,
True,manutencao,verificar,nível de óleo da caixa de engrenagens de acionamento da bomba,Antes de dar partida no motor,,,,,media,,,,,254,,Sempre verifique o nível de óleo da caixa de engrenagens de acionamento da bomba antes de dar partida no motor.,
True,manutencao,limpeza,tampa de enchimento (B),devidamente limpa,,,,prevenção de sujeira,media,,,,,255,,Verifique se a área ao redor da tampa de enchimento (B) está devidamente limpa para evitar a entrada de sujeira na caixa durante a remoção da tampa.,
True,seguranca,Verificar,Nível de Óleo do Motor,Evite danos ao motor,,,,Danos ao motor,alta,,,,,255,IMPORTANTE,"BJN2CS6,000012D-54-28FEB20 Verificar o Nível de Óleo do Motor IMPORTANTE: Evite danos ao motor.",
True,manutencao,manutencao,Operação,Horas de Operação ou Diariamente 95-B-10,25 horas,,,,media,,,,,255,,Manutenção — A Cada 25 Horas de Operação ou Diariamente 95-B-10,
True,seguranca,verificar_nivel_de_oleo,motor,nível_de_oleo,,"(B,C)",marca,prevenção_de_danos,alta,vareta de nível de óleo,nível de óleo,verificar_nivel_de_oleo,NÃO opere o motor se o nível de óleo estiver acima da marca (B) ou abaixo da marca (C) na vareta de nível de óleo (A).,256,,Nunca opere o motor se o nível de óleo estiver acima da marca (B) ou abaixo da marca (C) na vareta de nível de óleo (A).,
True,seguranca,remocao,pele,algumas horas,horas,,,gangrena,alta,,,,fluido injetado na pele,256,,Qualquer fluido injetado na pele deve ser removido cirurgicamente dentro de algumas horas ou isso poderá resultar em gangrena.,
True,manutencao,aplicar_bombeada,aplicador de graxa manual,prevenção de danos à vedação do rolamento,três vezes,,bombeadas,evitar danos à vedação do rolamento,alta,,,aplicar bombeada,apenas três bombeadas de um aplicador de graxa manual,258,,Aplique APENAS três bombeadas de um aplicador de graxa manual para evitar danificar a vedação do rolamento.,
True,operacao,operar,motor,marcha lenta,3—5 minutos,,,,media,,,,,258,,Dê partida no motor e opere-o em marcha lenta durante 3—5 minutos.,
True,manutencao,manutencao,Operação,50 horas de operação,50 horas,,,,media,,,,,258,,Manutenção—A Cada 50 Horas de Operação 95-C-2,
True,manutencao,manutencao,Operação,50 horas de operação,cada 50 horas,,,,media,,,,,259,,(Consultar Manutenção—A Cada 50 Horas de Operação 95-C-3,
True,manutencao,inspecionar,embreagem,troca de campo ou a cada 50 horas,50 horas,,,,media,,,,,261,,Inspecione o desempenho da embreagem ao trocar de campo ou a cada 50 horas.,
True,manutencao,manutencao,Operação,Cada 50 Horas,50 horas,,,,media,,,,,261,,Manutenção—A Cada 50 Horas de Operação 95-C-5,
True,manutencao,aplicar,porca da embreagem do volante,antes de instalar,,,,,media,,,,,262,,Aplique Trava Rosca e Vedante (Média Resistência) nas roscas da porca da embreagem do volante antes de instalar.,
True,seguranca,Atenção,Porca da embreagem do volante,Não aperte demais a porca da embreagem do volante,,,,,alta,,,,,262,CUIDADO,CUIDADO: Não aperte demais a porca da embreagem do volante.,
True,seguranca,cuidado,cilindros de ajuste da tensão da corrente,liberar a graxa dos cilindros de ajuste,,,,,alta,,,,CUIDADO,263,CUIDADO,CUIDADO: Tenha cuidado ao liberar a graxa dos cilindros de ajuste da tensão da corrente.,
True,manutencao,verificar,corrente,folga,,25 mm,mm,,media,,,,,263,,A folga entre a corrente (D) e a tira de desgaste (E) deve ser aproximadamente 25 mm (1 pol.).,
True,manutencao,manutencao,Operação,50 horas,50 horas,,,,media,,,,,263,,Manutenção—A Cada 50 Horas de Operação 95-C-7,
True,seguranca,verificar,área do elevador,todos os funcionários e ferramentas foram removidos,,,,,alta,,,,,264,,Verifique se todos os funcionários e ferramentas foram removidos da área do elevador antes de testar a operação do elevador.,
True,manutencao,manutencao,Operação,Cada 100 Horas de Operação,100 horas,,,,media,,,,,267,,Manutenção—A Cada 100 Horas de Operação 95-D-3,
True,manutencao,manutencao,Operação,Cada 100 Horas de Operação,100 horas,,,,media,,,,,268,,Manutenção—A Cada 100 Horas de Operação 95-D-4,
True,manutencao,verificar,nível,MÍN FRIO,,,,,media,,,,,269,,O nível deve na marca de MÍN FRIO (C) ou acima.,
True,manutencao,Verificar,braço telescópico dos rolos tombadores superiores,Guia de desgaste,,,,,media,,,,,274,,• C Verificar as guias de desgaste do braço telescópico dos rolos tombadores superiores.,
True,manutencao,Ajuste,Rolamento do eixo traseiro,,,,,,media,,,,,274,,• G Ajuste a pré-carga do rolamento do eixo traseiro.,
True,seguranca,limpeza,graxeiras,antes e após a lubrificação,,,,,alta,,,,,275,IMPORTANTE,IMPORTANTE: Limpe as graxeiras antes e após a lubrificação.,
True,seguranca,troca de óleo do motor e substituição do filtro,motor,intervalo de troca de óleo,100 horas,igual ao especificado para o óleo John Deere Plus-50™II,horas,prevenção de danos ao motor,alta,,,,"IMPORTANTE: Se for usado o óleo do motor John Deere Break-In Plus™, troque o óleo e o filtro no mínimo a cada 100 horas e no máximo no intervalo igual ao especificado para o óleo John Deere Plus-50™II.",281,IMPORTANTE,"TS95756,000009E-54-11NOV21 Troca de Óleo do Motor e Substituição do Filtro IMPORTANTE: Se for usado o óleo do motor John Deere Break-In Plus™, troque o óleo e o filtro no mínimo a cada 100 horas e no máximo no intervalo igual ao especificado para o óleo John Deere Plus-50™II.",
True,seguranca,trocar_o_olio,óleo,100 horas,100 horas,alto teor de enxofre,horas,problemas_de_motor,alta,,,trocar_o_óleo,IMPORTANTE,281,IMPORTANTE,IMPORTANTE: Troque o óleo a cada 100 horas se estiver sendo usado combustível com um alto teor de enxofre.,
True,manutencao,Verificação do Nível do Óleo do Motor,Nível do Óleo do Motor,A cada 25 horas ou diariamente,Diariamente,,,,media,,,,,283,,Consulte Verificação do Nível do Óleo do Motor em Manutenção—A Cada 25 Horas ou Diariamente.,
True,manutencao,verificar_nivel_do_olio,motor,10 minutos,,,,,media,,,,,283,,Pare o motor e verifique o nível do óleo após 10 minutos.,
True,seguranca,Importante,Filtro de Combustível Primário,Contaminação do sistema de filtragem de combustível,,,,,alta,,,,,287,CUIDADO,Substituição do Filtro de Combustível Primário IMPORTANTE: ●Cuidado para não contaminar o sistema de filtragem de combustível.,
True,seguranca,evitar danos ao conjunto de vedação do filtro,conjunto de vedação do filtro,Danos ao conjunto de vedação do filtro,,,,,alta,,,,IMPORTANTE,288,IMPORTANTE,IMPORTANTE: Evite danos ao conjunto de vedação do filtro (C).,
True,manutencao,manutencao,Operação,Cada 1000 Horas de Operação,1000 horas,,,,media,,,,,293,,Manutenção—A Cada 1000 Horas de Operação 95-H-5,
True,manutencao,girar,chave de partida,sistema de combustível,60 segundos,,,escorvar o sistema de combustível,media,,,,,294,,Gire para ligar a chave de partida por 60 segundos para escorvar o sistema de combustível antes de dar a partida no motor.,
True,manutencao,manutencao,Operação,Cada 1000 Horas de Operação,1000 horas,,,,media,,,,,294,,Manutenção—A Cada 1000 Horas de Operação 95-H-6,
True,seguranca,limpeza da carcaça,filtro de segurança,antes de limpar a carcaça,,,,,alta,,,,,297,,Não remova o filtro de segurança (D) antes de limpar a carcaça.,
True,manutencao,trocar,filtro de segurança,- A Cada 1500 Horas de Operação,1500 horas,,,,media,,,,,297,,●Sempre troque o filtro de segurança: - A Cada 1500 Horas de Operação.,
True,manutencao,limpar,superfície de vedação da junta do novo filtro,antes de instalar,,,,,media,,,,,297,,Limpe a superfície de vedação da junta do novo filtro antes de instalar.,
True,manutencao,trocar filtro,sistema de DEF,congelado,,,,perda de eficiência,alta,,,,,298,,Certifique-se de que o sistema de DEF não esteja congelado antes de trocar o filtro.,
True,manutencao,manutencao,Operação,Cada 1500 Horas de Operação,1500 horas,95-I-5,horas,Manutenção,alta,,Horas,Manutenção,,300,,Manutenção—A Cada 1500 Horas de Operação 95-I-5,
True,seguranca,aplicar,roscas dos parafusos,antes de instalar,,,,,alta,,,,,301,IMPORTANTE,IMPORTANTE: Aplique Araldite nas roscas dos parafusos antes de instalar.,
True,manutencao,manutencao,Operação,Cada 1500 Horas de Operação,1500 horas,95-I-7,horas,Manutenção,alta,,Horas,Manutenção,95-I-7,302,,Manutenção—A Cada 1500 Horas de Operação 95-I-7,
True,manutencao,passar cada travessa para o elo (E) seguinte,travessa,1500 horas de operação,a cada 1500 horas de operação,,horas,reparo,media,,,,,304,,●A cada 1500 horas de operação: Passe cada travessa para o elo (E) seguinte e reinstale.,
True,manutencao,verificar,motor,vazamentos,,,,,media,,,,,306,,Escorve manualmente o motor para verificar se há vazamentos e se o combustível de retorno está voltando ao reservatório.,
True,manutencao,preenchimento do tanque reservatório,tanque reservatório,contaminação,,,,,alta,,,,●Encha o tanque reservatório de novo com a solução de limpeza TY27017 para combustível diesel.,306,,"Se estiver contaminado, proceda da seguinte forma: ●Encha o tanque reservatório de novo com a solução de limpeza TY27017 para combustível diesel.",
True,manutencao,remoção,bujão de dreno,cuidado,,,,,media,,,,,310,CUIDADO,Remova cuidadosamente o bujão de dreno (C).,
True,seguranca,limpeza,bomba,temperatura,,,,perigo,alta,,,Evitar limpeza com vapor ou despejo de água fria na bomba ou no trilho enquanto estiverem quentes.,Nunca limpe com vapor ou despeje água fria na bomba ou no trilho enquanto ainda estiverem quentes.,313,,Nunca limpe com vapor ou despeje água fria na bomba ou no trilho enquanto ainda estiverem quentes.,
True,seguranca,desligar_motor,máquina,fuma,,,,prevenção_de_acidentes,alta,,,,,314,,Não reabasteça a máquina enquanto fuma e desligue o motor antes de abastecer o tanque de combustível.,
True,seguranca,transbordar,tanque de combustível,excesso de combustível,,,,transbordamento,alta,,,,,314,,"Se o tanque de combustível for abastecido em excesso e, em seguida, exposto diretamente à luz do sol, ou se a temperatura ficar muito alta, o tanque transbordará.",
True,seguranca,limpeza da carcaça,filtro de segurança,antes de limpar a carcaça,,,,prevenção de danos,alta,,,,,315,,Não remova o filtro de segurança (D) antes de limpar a carcaça.,
True,manutencao,trocar,filtro de segurança,- A Cada 1500 Horas de Operação,1500 horas,,,,media,,,,,315,,●Sempre troque o filtro de segurança: - A Cada 1500 Horas de Operação.,
True,manutencao,limpar,superfície de vedação da junta dos filtros novos,antes de instalar,,,,,media,,,,,316,,Limpe a superfície de vedação da junta dos filtros novos antes de instalar.,
True,operacao,operar,motor,marcha lenta,3—5 minutos,,,,media,,,,,316,,Dê partida no motor e opere-o em marcha lenta durante 3—5 minutos.,
True,operacao,operar,motor,marcha lenta,3 a 5 minutos,,,,media,,,,,317,,Dê partida no motor e opere em marcha lenta por 3 a 5 minutos.,
True,seguranca,limpar,superfície,derramamento de DEF,,,,prevenção de danos,alta,,,limpar imediatamente,derramamento de DEF,317,IMPORTANTE,"IMPORTANTE: Se ocorrer derramamento de DEF ou seu contato com qualquer superfície que não seja o tanque de armazenamento, limpe imediatamente a superfície com água limpa.",
True,manutencao,inspeção,DEF,cristalino,,,,,media,,,,,317,,O DEF deve estar cristalino e com um leve odor de amônia.,
True,manutencao,verificacao,motor,visual,,,,,media,,,,,317,,"O DEF deve passar por verificações visuais, de odor e de concentração antes de operar o motor.",
True,seguranca,proibicao,fluido,escapamento de veículos,,,,prevenção de acidentes,alta,,,,Não ingira o fluido para escapamento de veículos a diesel.,318,,Não ingira o fluido para escapamento de veículos a diesel (DEF).,
True,manutencao,limpeza,tampa,contaminar,,,,,media,,,,,318,,2.Limpe a área em volta da tampa (A) antes de removê-la para reduzir a chance de contaminar o fluido.,
True,manutencao,limpar,derramamento,derramamento,,,,prevenção de danos,media,,,,,318,CUIDADO,5.Limpe cuidadosamente qualquer derramamento usando água destilada.,
True,manutencao,verificar,mangueiras do sistema de arrefecimento,sistema de arrefecimento,,,,,media,,,,,320,CUIDADO,Verifique cuidadosamente todas as mangueiras do sistema de arrefecimento.,
True,manutencao,drene,liquido de arrefecimento,temperatura menor que a temperatura de operação,,,,,media,,,,,321,,NÃO drene o líquido de arrefecimento até que a sua temperatura seja menor que a temperatura de operação.,
True,manutencao,reparacao,bujão de dreno,remoção,,,,,media,,,,,322,CUIDADO,Remova cuidadosamente o bujão de dreno (C).,
True,seguranca,evitar danos ao sistema do cortador de base,sistema do cortador de base,Importante,,,,,alta,,,,Importante: Evite danos ao sistema do cortador de base.,327,IMPORTANTE,110 N·m (80 lb·in) IMPORTANTE: Evite danos ao sistema do cortador de base.,
True,seguranca,aplicar,antiengripante,rosca dos parafusos,,,,,alta,,,,,327,IMPORTANTE,IMPORTANTE: Aplique antiengripante na rosca dos parafusos antes de instalar.,
True,manutencao,Verificação e Ajuste da Sincronização do Picador,Picador,A Cada 50 Horas,50 horas,,,,media,,,,,327,,Consulte Verificação e Ajuste da Sincronização do Picador na seção Manutenção—A Cada 50 Horas.,
True,manutencao,aplicar,trava-rosca e vedante,roscas do parafuso,,,,,alta,,,,,332,,Aplique Trava-Rosca e Vedante (alta resistência) às roscas do parafuso antes de instalar.,
True,seguranca,aplicar,trava-rosca e vedante,antes de instalar,,,,,alta,,,,,332,IMPORTANTE,IMPORTANTE: Aplique Trava-rosca e Vedante (Alta Resistência) nas roscas dos parafusos antes de instalar.,
True,seguranca,Importante,Filtro de Combustível Primário,Contaminação do sistema de filtragem de combustível,,,,,alta,,,,,335,CUIDADO,Substituição do Filtro de Combustível Primário IMPORTANTE: ●Cuidado para não contaminar o sistema de filtragem de combustível.,
True,seguranca,Importante,Filtro de Combustível Secundário,Cuidado para não contaminar o sistema de filtragem de combustível.,,,,,alta,,,,,336,CUIDADO,Substituição do Filtro de Combustível Secundário IMPORTANTE: ●Cuidado para não contaminar o sistema de filtragem de combustível.,
True,seguranca,cuidado,,bateria congelada,,,,prevenção de danos,alta,,,,,338,CUIDADO,CUIDADO: Nunca carregue a bateria quando ela estiver congelada.,
True,manutencao,descongelar,carregador de baterias,temperatura ambiente,,,,,media,,,,,338,,Descongele-a em temperatura ambiente antes de conectá-la ao carregador de baterias.,
True,seguranca,proibicao,rolete,uso conjunto com roletes desgastados,,,,prevenção de danos,alta,,,,,352,,Um rolete novo da base nunca deve ser usado junto com os roletes desgastados.,
True,seguranca,prevenção,parafusos,instalação,,,,,alta,,,,,356,IMPORTANTE,IMPORTANTE: Não use uma chave de impacto para instalar os parafusos para evitar que as roscas fiquem inclinadas.,
True,seguranca,evitar_ferimentos,macaco,ferimentos graves ou morte,,,,prevenção de ferimentos graves ou morte,alta,,,,,362,CUIDADO,Posições do Macaco CUIDADO: Evite ferimentos graves ou morte.,
True,seguranca,substituir,extintores de incêndio,uso,,,,seguranca,media,,,,,363,,Os extintores de incêndio devem ser substituídos ou devem passar por manutenção profissional após qualquer uso.,
True,seguranca,verificar_disponibilidade,extintor de incêndio,disponivel,,,,,media,,,,,363,,Um extintor de incêndio deve estar prontamente disponível.,
True,seguranca,substituir,extintores de incêndio,uso,,,,seguranca,media,,,,,364,,Os extintores de incêndio devem ser substituídos ou devem passar por manutenção profissional após qualquer uso.,
True,seguranca,carregar,extintor de incêndio de água pressurizada,antes da entrega da máquina,,,,seguranca,media,,,,,365,,O extintor de incêndio de água pressurizada deve ser carregado antes da entrega da máquina.,
True,manutencao,descarga,extintor,proteção contra congelamento,,,,manutenção completa,alta,,,,,365,,"Quando é usada uma carga de anti-congelante para proteger o extintor contra congelamento, é necessária uma descarga e a manutenção completa.",
True,seguranca,cuidado,extintor de incêndio,conexão a fonte de alta pressão,,,,perigo,alta,,,desligue o extintor de incêndio,Nunca deixe o extintor de incêndio conectado a uma fonte de alta pressão por um período prolongado.,366,CUIDADO,CUIDADO: Nunca deixe o extintor de incêndio conectado a uma fonte de alta pressão por um período prolongado.,
True,seguranca,não abasteça,contentor de combustível,sobre uma caminhonete com caçamba revestida de plástico,,,,,alta,,,,,366,,Nunca abasteça o contentor de combustível sobre uma caminhonete com caçamba revestida de plástico.,
True,seguranca,colocar,contentor de combustível,no chão,,,,,baixa,,,,,366,,Sempre coloque o contentor de combustível no chão antes de reabastecer.,
True,seguranca,proibicao,máquina,motor em funcionamento e funções de colheita ativadas,,,,prevenção de danos,alta,,,,,369,,Nunca limpe a máquina com o motor em funcionamento e com as funções de colheita ativadas.,
True,manutencao,reduz,limpeza da máquina,manuais de rotina,regular e cuidadosa,,,reduz o risco de incêndios,alta,,,,,369,CUIDADO,●A limpeza regular e cuidadosa da máquina juntamente com outros procedimentos de manutenção de rotina indicados no Manual do Operador reduzem enormemente o risco de incêndios.,
True,manutencao,substituir,fluido,escapamento de veículos a diesel,periódico,,,manutenção,media,,,,,381,,Teste periodicamente o fluido para escapamento de veículos a diesel (DEF) e substitua conforme necessário.,
True,temperatura,verificar_temperatura,temperatura externa,acima de 5 °C,,5 °C,°C,operacao_adequada,media,temperatura externa,temperatura,,5 °C,382,,A temperatura externa deverá estar acima de 5 °C (40 °F) para operação adequada do ar-condicionado.,
True,seguranca,teste da concentração de ureia,concentração de ureia,fluido para escapamento de veículos a diesel (DEF) não foi drenado,,,,,alta,,concentração de ureia,,fluido para escapamento de veículos a diesel (DEF) não foi drenado,382,,"Se equipado com Motor Final Tier 4 - Estágio IV/V e o fluido para escapamento de veículos a diesel (DEF) não foi drenado, teste a concentração de ureia.",
True,manutencao,substituir,filtros de combustível,manutenção,,,,,media,,,,,383,,Substituir filtros de combustível.,
True,manutencao,verificar_temperatura,termômetro,líquido de arrefecimento,,,,,media,termômetro,temperatura,,,387,,Verifique a temperatura do líquido de arrefecimento usando um termômetro e substitua se necessário.,
True,manutencao,motor,motor,funcionamento excessivo,,,,perda de desempenho,alta,,,Verificar a pressão do óleo,,387,,Funcionamento excessivo do motor em marcha lenta.,
True,manutencao,característica,Motor de Partida,bateria baixa,,,,desempenho,media,,,,,388,,O Motor de Partida Gira Lentamente Carga de saída da bateria baixa.,
True,seguranca,verificar,temperatura do Líquido de Arrefecimento,abaixo do normal,,temperatura normal,graus Celsius,perigo,alta,,temperatura,Verificar termostato(s),temperatura do Líquido de Arrefecimento Abaixo do Normal Termostato(s) defeituoso(s),391,,Temperatura do Líquido de Arrefecimento Abaixo do Normal Termostato(s) defeituoso(s).,
